component,package,advisory,recorded_severity,current_assessment,evidence_note,proposed_next_action,risk_owner,decision,decision_date,review_due,release_scope
backend,apt,CVE-2011-3374,LOW,OPEN_MISSING_VENDOR_EVIDENCE,No applicable vendor statement; missing matches are not fixes.,Retain in backlog; prioritize by exploitation and exposure; propose dated review after release.,TO_ASSIGN,PENDING; NOT_ACCEPTED,,,Candidate/UAT decision pending
backend,bash,TEMP-0841856-B18BAF,LOW,OPEN_MISSING_VENDOR_EVIDENCE,No applicable vendor statement; missing matches are not fixes.,Retain in backlog; prioritize by exploitation and exposure; propose dated review after release.,TO_ASSIGN,PENDING; NOT_ACCEPTED,,,Candidate/UAT decision pending
backend,bsdutils,CVE-2022-0563,LOW,OPEN_MISSING_VENDOR_EVIDENCE,No applicable vendor statement; missing matches are not fixes.,Retain in backlog; prioritize by exploitation and exposure; propose dated review after release.,TO_ASSIGN,PENDING; NOT_ACCEPTED,,,Candidate/UAT decision pending
backend,coreutils,CVE-2017-18018,LOW,OPEN_MISSING_VENDOR_EVIDENCE,No applicable vendor statement; missing matches are not fixes.,Retain in backlog; prioritize by exploitation and exposure; propose dated review after release.,TO_ASSIGN,PENDING; NOT_ACCEPTED,,,Candidate/UAT decision pending
backend,dash,CVE-2026-102473,LOW,OPEN_UNDER_INVESTIGATION,Ubuntu Security Team classified this CVE as of Medium priority.,Retain in backlog; prioritize by exploitation and exposure; propose dated review after release.,TO_ASSIGN,PENDING; NOT_ACCEPTED,,,Candidate/UAT decision pending
backend,dash,CVE-2026-102474,LOW,OPEN_UNDER_INVESTIGATION,Ubuntu Security Team classified this CVE as of Medium priority.,Retain in backlog; prioritize by exploitation and exposure; propose dated review after release.,TO_ASSIGN,PENDING; NOT_ACCEPTED,,,Candidate/UAT decision pending
backend,dirmngr,CVE-2022-3219,LOW,OPEN_MISSING_VENDOR_EVIDENCE,No applicable vendor statement; missing matches are not fixes.,Retain in backlog; prioritize by exploitation and exposure; propose dated review after release.,TO_ASSIGN,PENDING; NOT_ACCEPTED,,,Candidate/UAT decision pending
backend,fonts-opensymbol,CVE-2012-5639,LOW,OPEN_MISSING_VENDOR_EVIDENCE,No applicable vendor statement; missing matches are not fixes.,Retain in backlog; prioritize by exploitation and exposure; propose dated review after release.,TO_ASSIGN,PENDING; NOT_ACCEPTED,,,Candidate/UAT decision pending
backend,fonts-opensymbol,CVE-2018-10583,LOW,OPEN_MISSING_VENDOR_EVIDENCE,No applicable vendor statement; missing matches are not fixes.,Retain in backlog; prioritize by exploitation and exposure; propose dated review after release.,TO_ASSIGN,PENDING; NOT_ACCEPTED,,,Candidate/UAT decision pending
backend,gcc-14-base,CVE-2026-102010,MEDIUM,OPEN_MISSING_VENDOR_EVIDENCE,No applicable vendor statement; missing matches are not fixes.,"Group by source family; verify release version, exploit path and available fix. Apply low-risk supported fixes; otherwise propose mitigation and dated exception.",TO_ASSIGN,PENDING; NOT_ACCEPTED,,,Candidate/UAT decision pending
backend,gcc-14-base,CVE-2026-95619,MEDIUM,OPEN_MISSING_VENDOR_EVIDENCE,No applicable vendor statement; missing matches are not fixes.,"Group by source family; verify release version, exploit path and available fix. Apply low-risk supported fixes; otherwise propose mitigation and dated exception.",TO_ASSIGN,PENDING; NOT_ACCEPTED,,,Candidate/UAT decision pending
backend,gnupg,CVE-2022-3219,LOW,OPEN_MISSING_VENDOR_EVIDENCE,No applicable vendor statement; missing matches are not fixes.,Retain in backlog; prioritize by exploitation and exposure; propose dated review after release.,TO_ASSIGN,PENDING; NOT_ACCEPTED,,,Candidate/UAT decision pending
backend,gnupg-l10n,CVE-2022-3219,LOW,OPEN_MISSING_VENDOR_EVIDENCE,No applicable vendor statement; missing matches are not fixes.,Retain in backlog; prioritize by exploitation and exposure; propose dated review after release.,TO_ASSIGN,PENDING; NOT_ACCEPTED,,,Candidate/UAT decision pending
backend,gpg,CVE-2022-3219,LOW,OPEN_MISSING_VENDOR_EVIDENCE,No applicable vendor statement; missing matches are not fixes.,Retain in backlog; prioritize by exploitation and exposure; propose dated review after release.,TO_ASSIGN,PENDING; NOT_ACCEPTED,,,Candidate/UAT decision pending
backend,gpg-agent,CVE-2022-3219,LOW,OPEN_MISSING_VENDOR_EVIDENCE,No applicable vendor statement; missing matches are not fixes.,Retain in backlog; prioritize by exploitation and exposure; propose dated review after release.,TO_ASSIGN,PENDING; NOT_ACCEPTED,,,Candidate/UAT decision pending
backend,gpgconf,CVE-2022-3219,LOW,OPEN_MISSING_VENDOR_EVIDENCE,No applicable vendor statement; missing matches are not fixes.,Retain in backlog; prioritize by exploitation and exposure; propose dated review after release.,TO_ASSIGN,PENDING; NOT_ACCEPTED,,,Candidate/UAT decision pending
backend,gpgsm,CVE-2022-3219,LOW,OPEN_MISSING_VENDOR_EVIDENCE,No applicable vendor statement; missing matches are not fixes.,Retain in backlog; prioritize by exploitation and exposure; propose dated review after release.,TO_ASSIGN,PENDING; NOT_ACCEPTED,,,Candidate/UAT decision pending
backend,libapt-pkg7.0,CVE-2011-3374,LOW,OPEN_MISSING_VENDOR_EVIDENCE,No applicable vendor statement; missing matches are not fixes.,Retain in backlog; prioritize by exploitation and exposure; propose dated review after release.,TO_ASSIGN,PENDING; NOT_ACCEPTED,,,Candidate/UAT decision pending
backend,libatomic1,CVE-2026-102010,MEDIUM,OPEN_MISSING_VENDOR_EVIDENCE,No applicable vendor statement; missing matches are not fixes.,"Group by source family; verify release version, exploit path and available fix. Apply low-risk supported fixes; otherwise propose mitigation and dated exception.",TO_ASSIGN,PENDING; NOT_ACCEPTED,,,Candidate/UAT decision pending
backend,libatomic1,CVE-2026-95619,MEDIUM,OPEN_MISSING_VENDOR_EVIDENCE,No applicable vendor statement; missing matches are not fixes.,"Group by source family; verify release version, exploit path and available fix. Apply low-risk supported fixes; otherwise propose mitigation and dated exception.",TO_ASSIGN,PENDING; NOT_ACCEPTED,,,Candidate/UAT decision pending
backend,libblkid1,CVE-2022-0563,LOW,OPEN_MISSING_VENDOR_EVIDENCE,No applicable vendor statement; missing matches are not fixes.,Retain in backlog; prioritize by exploitation and exposure; propose dated review after release.,TO_ASSIGN,PENDING; NOT_ACCEPTED,,,Candidate/UAT decision pending
backend,libc-bin,CVE-2026-18374,MEDIUM,OPEN_AFFECTED,Ubuntu Security Team classified this CVE as of Medium priority.,"Group by source family; verify release version, exploit path and available fix. Apply low-risk supported fixes; otherwise propose mitigation and dated exception.",TO_ASSIGN,PENDING; NOT_ACCEPTED,,,Candidate/UAT decision pending
backend,libc-bin,CVE-2026-8674,MEDIUM,OPEN_UNDER_INVESTIGATION,Ubuntu Security Team classified this CVE as of Medium priority.,"Group by source family; verify release version, exploit path and available fix. Apply low-risk supported fixes; otherwise propose mitigation and dated exception.",TO_ASSIGN,PENDING; NOT_ACCEPTED,,,Candidate/UAT decision pending
backend,libc-bin,CVE-2026-86805,MEDIUM,OPEN_UNDER_INVESTIGATION,Ubuntu Security Team classified this CVE as of Medium priority.,"Group by source family; verify release version, exploit path and available fix. Apply low-risk supported fixes; otherwise propose mitigation and dated exception.",TO_ASSIGN,PENDING; NOT_ACCEPTED,,,Candidate/UAT decision pending
backend,libc-bin,CVE-2026-95818,MEDIUM,OPEN_UNDER_INVESTIGATION,Ubuntu Security Team classified this CVE as of Medium priority.,"Group by source family; verify release version, exploit path and available fix. Apply low-risk supported fixes; otherwise propose mitigation and dated exception.",TO_ASSIGN,PENDING; NOT_ACCEPTED,,,Candidate/UAT decision pending
backend,libc-bin,CVE-2010-4756,LOW,OPEN_MISSING_VENDOR_EVIDENCE,No applicable vendor statement; missing matches are not fixes.,Retain in backlog; prioritize by exploitation and exposure; propose dated review after release.,TO_ASSIGN,PENDING; NOT_ACCEPTED,,,Candidate/UAT decision pending
backend,libc-bin,CVE-2018-20796,LOW,OPEN_MISSING_VENDOR_EVIDENCE,No applicable vendor statement; missing matches are not fixes.,Retain in backlog; prioritize by exploitation and exposure; propose dated review after release.,TO_ASSIGN,PENDING; NOT_ACCEPTED,,,Candidate/UAT decision pending
backend,libc-bin,CVE-2019-1010022,LOW,OPEN_MISSING_VENDOR_EVIDENCE,No applicable vendor statement; missing matches are not fixes.,Retain in backlog; prioritize by exploitation and exposure; propose dated review after release.,TO_ASSIGN,PENDING; NOT_ACCEPTED,,,Candidate/UAT decision pending
backend,libc-bin,CVE-2019-1010023,LOW,OPEN_MISSING_VENDOR_EVIDENCE,No applicable vendor statement; missing matches are not fixes.,Retain in backlog; prioritize by exploitation and exposure; propose dated review after release.,TO_ASSIGN,PENDING; NOT_ACCEPTED,,,Candidate/UAT decision pending
backend,libc-bin,CVE-2019-1010024,LOW,OPEN_MISSING_VENDOR_EVIDENCE,No applicable vendor statement; missing matches are not fixes.,Retain in backlog; prioritize by exploitation and exposure; propose dated review after release.,TO_ASSIGN,PENDING; NOT_ACCEPTED,,,Candidate/UAT decision pending
backend,libc-bin,CVE-2019-1010025,LOW,OPEN_MISSING_VENDOR_EVIDENCE,No applicable vendor statement; missing matches are not fixes.,Retain in backlog; prioritize by exploitation and exposure; propose dated review after release.,TO_ASSIGN,PENDING; NOT_ACCEPTED,,,Candidate/UAT decision pending
backend,libc-bin,CVE-2019-9192,LOW,OPEN_MISSING_VENDOR_EVIDENCE,No applicable vendor statement; missing matches are not fixes.,Retain in backlog; prioritize by exploitation and exposure; propose dated review after release.,TO_ASSIGN,PENDING; NOT_ACCEPTED,,,Candidate/UAT decision pending
backend,libc-bin,CVE-2026-97399,LOW,OPEN_UNDER_INVESTIGATION,Ubuntu Security Team classified this CVE as of Medium priority.,Retain in backlog; prioritize by exploitation and exposure; propose dated review after release.,TO_ASSIGN,PENDING; NOT_ACCEPTED,,,Candidate/UAT decision pending
backend,libc6,CVE-2026-18374,MEDIUM,OPEN_AFFECTED,Ubuntu Security Team classified this CVE as of Medium priority.,"Group by source family; verify release version, exploit path and available fix. Apply low-risk supported fixes; otherwise propose mitigation and dated exception.",TO_ASSIGN,PENDING; NOT_ACCEPTED,,,Candidate/UAT decision pending
backend,libc6,CVE-2026-8674,MEDIUM,OPEN_UNDER_INVESTIGATION,Ubuntu Security Team classified this CVE as of Medium priority.,"Group by source family; verify release version, exploit path and available fix. Apply low-risk supported fixes; otherwise propose mitigation and dated exception.",TO_ASSIGN,PENDING; NOT_ACCEPTED,,,Candidate/UAT decision pending
backend,libc6,CVE-2026-86805,MEDIUM,OPEN_UNDER_INVESTIGATION,Ubuntu Security Team classified this CVE as of Medium priority.,"Group by source family; verify release version, exploit path and available fix. Apply low-risk supported fixes; otherwise propose mitigation and dated exception.",TO_ASSIGN,PENDING; NOT_ACCEPTED,,,Candidate/UAT decision pending
backend,libc6,CVE-2026-95818,MEDIUM,OPEN_UNDER_INVESTIGATION,Ubuntu Security Team classified this CVE as of Medium priority.,"Group by source family; verify release version, exploit path and available fix. Apply low-risk supported fixes; otherwise propose mitigation and dated exception.",TO_ASSIGN,PENDING; NOT_ACCEPTED,,,Candidate/UAT decision pending
backend,libc6,CVE-2010-4756,LOW,OPEN_MISSING_VENDOR_EVIDENCE,No applicable vendor statement; missing matches are not fixes.,Retain in backlog; prioritize by exploitation and exposure; propose dated review after release.,TO_ASSIGN,PENDING; NOT_ACCEPTED,,,Candidate/UAT decision pending
backend,libc6,CVE-2018-20796,LOW,OPEN_MISSING_VENDOR_EVIDENCE,No applicable vendor statement; missing matches are not fixes.,Retain in backlog; prioritize by exploitation and exposure; propose dated review after release.,TO_ASSIGN,PENDING; NOT_ACCEPTED,,,Candidate/UAT decision pending
backend,libc6,CVE-2019-1010022,LOW,OPEN_MISSING_VENDOR_EVIDENCE,No applicable vendor statement; missing matches are not fixes.,Retain in backlog; prioritize by exploitation and exposure; propose dated review after release.,TO_ASSIGN,PENDING; NOT_ACCEPTED,,,Candidate/UAT decision pending
backend,libc6,CVE-2019-1010023,LOW,OPEN_MISSING_VENDOR_EVIDENCE,No applicable vendor statement; missing matches are not fixes.,Retain in backlog; prioritize by exploitation and exposure; propose dated review after release.,TO_ASSIGN,PENDING; NOT_ACCEPTED,,,Candidate/UAT decision pending
backend,libc6,CVE-2019-1010024,LOW,OPEN_MISSING_VENDOR_EVIDENCE,No applicable vendor statement; missing matches are not fixes.,Retain in backlog; prioritize by exploitation and exposure; propose dated review after release.,TO_ASSIGN,PENDING; NOT_ACCEPTED,,,Candidate/UAT decision pending
backend,libc6,CVE-2019-1010025,LOW,OPEN_MISSING_VENDOR_EVIDENCE,No applicable vendor statement; missing matches are not fixes.,Retain in backlog; prioritize by exploitation and exposure; propose dated review after release.,TO_ASSIGN,PENDING; NOT_ACCEPTED,,,Candidate/UAT decision pending
backend,libc6,CVE-2019-9192,LOW,OPEN_MISSING_VENDOR_EVIDENCE,No applicable vendor statement; missing matches are not fixes.,Retain in backlog; prioritize by exploitation and exposure; propose dated review after release.,TO_ASSIGN,PENDING; NOT_ACCEPTED,,,Candidate/UAT decision pending
backend,libc6,CVE-2026-97399,LOW,OPEN_UNDER_INVESTIGATION,Ubuntu Security Team classified this CVE as of Medium priority.,Retain in backlog; prioritize by exploitation and exposure; propose dated review after release.,TO_ASSIGN,PENDING; NOT_ACCEPTED,,,Candidate/UAT decision pending
backend,libcaca0,CVE-2022-0856,LOW,OPEN_MISSING_VENDOR_EVIDENCE,No applicable vendor statement; missing matches are not fixes.,Retain in backlog; prioritize by exploitation and exposure; propose dated review after release.,TO_ASSIGN,PENDING; NOT_ACCEPTED,,,Candidate/UAT decision pending
backend,libcairo-gobject2,CVE-2017-7475,LOW,OPEN_UNDER_INVESTIGATION,"This package (for the given release) is vulnerable to the CVE, the problem is understood, but it is currently deferred. CVE Notes / justification: as of 2020-11-26, no complete fix from upstream as of 2022-05-02, no complete fix from upstream is available. and it seems like it was ignored and won't get a proper fix.",Retain in backlog; prioritize by exploitation and exposure; propose dated review after release.,TO_ASSIGN,PENDING; NOT_ACCEPTED,,,Candidate/UAT decision pending
backend,libcairo-gobject2,CVE-2018-18064,LOW,OPEN_UNDER_INVESTIGATION,"This package (for the given release) is vulnerable to the CVE, the problem is understood, but it is currently deferred. CVE Notes / justification: as of 2020-11-26, no upstream fix as of 2022-05-03, there is still no upstream fix.",Retain in backlog; prioritize by exploitation and exposure; propose dated review after release.,TO_ASSIGN,PENDING; NOT_ACCEPTED,,,Candidate/UAT decision pending
backend,libcairo-gobject2,CVE-2025-50422,LOW,OPEN_UNDER_INVESTIGATION,Ubuntu Security Team classified this CVE as of Low priority.,Retain in backlog; prioritize by exploitation and exposure; propose dated review after release.,TO_ASSIGN,PENDING; NOT_ACCEPTED,,,Candidate/UAT decision pending
backend,libcairo2,CVE-2017-7475,LOW,OPEN_UNDER_INVESTIGATION,"This package (for the given release) is vulnerable to the CVE, the problem is understood, but it is currently deferred. CVE Notes / justification: as of 2020-11-26, no complete fix from upstream as of 2022-05-02, no complete fix from upstream is available. and it seems like it was ignored and won't get a proper fix.",Retain in backlog; prioritize by exploitation and exposure; propose dated review after release.,TO_ASSIGN,PENDING; NOT_ACCEPTED,,,Candidate/UAT decision pending
backend,libcairo2,CVE-2018-18064,LOW,OPEN_UNDER_INVESTIGATION,"This package (for the given release) is vulnerable to the CVE, the problem is understood, but it is currently deferred. CVE Notes / justification: as of 2020-11-26, no upstream fix as of 2022-05-03, there is still no upstream fix.",Retain in backlog; prioritize by exploitation and exposure; propose dated review after release.,TO_ASSIGN,PENDING; NOT_ACCEPTED,,,Candidate/UAT decision pending
backend,libcairo2,CVE-2025-50422,LOW,OPEN_UNDER_INVESTIGATION,Ubuntu Security Team classified this CVE as of Low priority.,Retain in backlog; prioritize by exploitation and exposure; propose dated review after release.,TO_ASSIGN,PENDING; NOT_ACCEPTED,,,Candidate/UAT decision pending
backend,libcjson1,CVE-2026-29036,HIGH,OPEN_SOURCE_ABSENT_BUNDLE_REVIEW,Source package absent; separately check bundled/native components. Priority1 review: 1316 native files inventoried; no target-family fingerprints or dynamic references. Exact downloaded/static source provenance remains unresolved. See sbom-lms-backend-priority1-2026-10-07.md; no closure or software patch claimed.,Confirm presence and reachable exposure in the release artifact; retain coverage gap or obtain specific owner-approved temporary exception. Do not mark absent based on fingerprints alone.,TO_ASSIGN,PENDING; NOT_ACCEPTED,,,Candidate/UAT decision pending
backend,libcjson1,CVE-2026-67215,HIGH,OPEN_SOURCE_ABSENT_BUNDLE_REVIEW,Source package absent; separately check bundled/native components. Priority1 review: 1316 native files inventoried; no target-family fingerprints or dynamic references. Exact downloaded/static source provenance remains unresolved. See sbom-lms-backend-priority1-2026-10-07.md; no closure or software patch claimed.,Confirm presence and reachable exposure in the release artifact; retain coverage gap or obtain specific owner-approved temporary exception. Do not mark absent based on fingerprints alone.,TO_ASSIGN,PENDING; NOT_ACCEPTED,,,Candidate/UAT decision pending
backend,libcjson1,CVE-2026-67216,HIGH,OPEN_SOURCE_ABSENT_BUNDLE_REVIEW,Source package absent; separately check bundled/native components. Priority1 review: 1316 native files inventoried; no target-family fingerprints or dynamic references. Exact downloaded/static source provenance remains unresolved. See sbom-lms-backend-priority1-2026-10-07.md; no closure or software patch claimed.,Confirm presence and reachable exposure in the release artifact; retain coverage gap or obtain specific owner-approved temporary exception. Do not mark absent based on fingerprints alone.,TO_ASSIGN,PENDING; NOT_ACCEPTED,,,Candidate/UAT decision pending
backend,libcjson1,CVE-2026-87933,HIGH,OPEN_SOURCE_ABSENT_BUNDLE_REVIEW,Source package absent; separately check bundled/native components. Priority1 review: 1316 native files inventoried; no target-family fingerprints or dynamic references. Exact downloaded/static source provenance remains unresolved. See sbom-lms-backend-priority1-2026-10-07.md; no closure or software patch claimed.,Confirm presence and reachable exposure in the release artifact; retain coverage gap or obtain specific owner-approved temporary exception. Do not mark absent based on fingerprints alone.,TO_ASSIGN,PENDING; NOT_ACCEPTED,,,Candidate/UAT decision pending
backend,libcjson1,CVE-2026-67217,MEDIUM,OPEN_SOURCE_ABSENT_BUNDLE_REVIEW,Source package absent; separately check bundled/native components.,"Group by source family; verify release version, exploit path and available fix. Apply low-risk supported fixes; otherwise propose mitigation and dated exception.",TO_ASSIGN,PENDING; NOT_ACCEPTED,,,Candidate/UAT decision pending
backend,libcups2t64,CVE-2014-8166,LOW,OPEN_MISSING_VENDOR_EVIDENCE,No applicable vendor statement; missing matches are not fixes.,Retain in backlog; prioritize by exploitation and exposure; propose dated review after release.,TO_ASSIGN,PENDING; NOT_ACCEPTED,,,Candidate/UAT decision pending
backend,libcups2t64,CVE-2026-87876,LOW,OPEN_UNDER_INVESTIGATION,Ubuntu Security Team classified this CVE as of Medium priority.,Retain in backlog; prioritize by exploitation and exposure; propose dated review after release.,TO_ASSIGN,PENDING; NOT_ACCEPTED,,,Candidate/UAT decision pending
backend,libcurl3t64-gnutls,CVE-2025-10966,LOW,OPEN_MISSING_VENDOR_EVIDENCE,No applicable vendor statement; missing matches are not fixes.,Retain in backlog; prioritize by exploitation and exposure; propose dated review after release.,TO_ASSIGN,PENDING; NOT_ACCEPTED,,,Candidate/UAT decision pending
backend,libcurl4t64,CVE-2025-10966,LOW,OPEN_MISSING_VENDOR_EVIDENCE,No applicable vendor statement; missing matches are not fixes.,Retain in backlog; prioritize by exploitation and exposure; propose dated review after release.,TO_ASSIGN,PENDING; NOT_ACCEPTED,,,Candidate/UAT decision pending
backend,libelf1t64,CVE-2024-25260,LOW,OPEN_MISSING_VENDOR_EVIDENCE,No applicable vendor statement; missing matches are not fixes.,Retain in backlog; prioritize by exploitation and exposure; propose dated review after release.,TO_ASSIGN,PENDING; NOT_ACCEPTED,,,Candidate/UAT decision pending
backend,libelf1t64,CVE-2025-1352,LOW,OPEN_AFFECTED,Ubuntu Security Team classified this CVE as of Low priority.,Retain in backlog; prioritize by exploitation and exposure; propose dated review after release.,TO_ASSIGN,PENDING; NOT_ACCEPTED,,,Candidate/UAT decision pending
backend,libelf1t64,CVE-2025-1365,LOW,OPEN_MISSING_VENDOR_EVIDENCE,No applicable vendor statement; missing matches are not fixes.,Retain in backlog; prioritize by exploitation and exposure; propose dated review after release.,TO_ASSIGN,PENDING; NOT_ACCEPTED,,,Candidate/UAT decision pending
backend,libelf1t64,CVE-2025-1371,LOW,OPEN_MISSING_VENDOR_EVIDENCE,No applicable vendor statement; missing matches are not fixes.,Retain in backlog; prioritize by exploitation and exposure; propose dated review after release.,TO_ASSIGN,PENDING; NOT_ACCEPTED,,,Candidate/UAT decision pending
backend,libelf1t64,CVE-2025-1372,LOW,OPEN_MISSING_VENDOR_EVIDENCE,No applicable vendor statement; missing matches are not fixes.,Retain in backlog; prioritize by exploitation and exposure; propose dated review after release.,TO_ASSIGN,PENDING; NOT_ACCEPTED,,,Candidate/UAT decision pending
backend,libelf1t64,CVE-2025-1376,LOW,OPEN_AFFECTED,Ubuntu Security Team classified this CVE as of Low priority.,Retain in backlog; prioritize by exploitation and exposure; propose dated review after release.,TO_ASSIGN,PENDING; NOT_ACCEPTED,,,Candidate/UAT decision pending
backend,libelf1t64,CVE-2025-1377,LOW,OPEN_MISSING_VENDOR_EVIDENCE,No applicable vendor statement; missing matches are not fixes.,Retain in backlog; prioritize by exploitation and exposure; propose dated review after release.,TO_ASSIGN,PENDING; NOT_ACCEPTED,,,Candidate/UAT decision pending
backend,libexpat1,CVE-2025-66382,MEDIUM,OPEN_UNDER_INVESTIGATION,"This package (for the given release) is vulnerable to the CVE, the problem is understood, but it is currently deferred. CVE Notes / justification: paraview uses system expat xotcl uses system expat poco uses system expat gdcm uses system expat audacity uses system expat simgear uses system expat coin3 uses system expat as of 4.0.0~CMake~6f54f1602475+ds1-1 sitecopy uses system expat since 1:0.16.0-1 (dapper!) insighttoolkit uses system expat as of 4.12.1-dfsg1 apache2 uses system expat apr-util uses system expat cmake uses system expat ghostscript uses system expat firefox uses system expat thunderbird uses system expat matanza embeds an expat fork to parse its own config file, there is no attack vector there, we will not be fixing matanza.  As of 2026-09-28, there is no fix for this issue from expat developers, marking as deferred","Group by source family; verify release version, exploit path and available fix. Apply low-risk supported fixes; otherwise propose mitigation and dated exception.",TO_ASSIGN,PENDING; NOT_ACCEPTED,,,Candidate/UAT decision pending
backend,libgbm1,CVE-2023-45913,LOW,OPEN_MISSING_VENDOR_EVIDENCE,No applicable vendor statement; missing matches are not fixes.,Retain in backlog; prioritize by exploitation and exposure; propose dated review after release.,TO_ASSIGN,PENDING; NOT_ACCEPTED,,,Candidate/UAT decision pending
backend,libgbm1,CVE-2023-45919,LOW,OPEN_MISSING_VENDOR_EVIDENCE,No applicable vendor statement; missing matches are not fixes.,Retain in backlog; prioritize by exploitation and exposure; propose dated review after release.,TO_ASSIGN,PENDING; NOT_ACCEPTED,,,Candidate/UAT decision pending
backend,libgbm1,CVE-2023-45922,LOW,OPEN_MISSING_VENDOR_EVIDENCE,No applicable vendor statement; missing matches are not fixes.,Retain in backlog; prioritize by exploitation and exposure; propose dated review after release.,TO_ASSIGN,PENDING; NOT_ACCEPTED,,,Candidate/UAT decision pending
backend,libgbm1,CVE-2023-45931,LOW,OPEN_MISSING_VENDOR_EVIDENCE,No applicable vendor statement; missing matches are not fixes.,Retain in backlog; prioritize by exploitation and exposure; propose dated review after release.,TO_ASSIGN,PENDING; NOT_ACCEPTED,,,Candidate/UAT decision pending
backend,libgcc-s1,CVE-2026-102010,MEDIUM,OPEN_MISSING_VENDOR_EVIDENCE,No applicable vendor statement; missing matches are not fixes.,"Group by source family; verify release version, exploit path and available fix. Apply low-risk supported fixes; otherwise propose mitigation and dated exception.",TO_ASSIGN,PENDING; NOT_ACCEPTED,,,Candidate/UAT decision pending
backend,libgcc-s1,CVE-2026-95619,MEDIUM,OPEN_MISSING_VENDOR_EVIDENCE,No applicable vendor statement; missing matches are not fixes.,"Group by source family; verify release version, exploit path and available fix. Apply low-risk supported fixes; otherwise propose mitigation and dated exception.",TO_ASSIGN,PENDING; NOT_ACCEPTED,,,Candidate/UAT decision pending
backend,libgcrypt20,CVE-2018-6829,LOW,OPEN_MISSING_VENDOR_EVIDENCE,No applicable vendor statement; missing matches are not fixes.,Retain in backlog; prioritize by exploitation and exposure; propose dated review after release.,TO_ASSIGN,PENDING; NOT_ACCEPTED,,,Candidate/UAT decision pending
backend,libgdk-pixbuf-2.0-0,CVE-2026-16768,MEDIUM,OPEN_SOURCE_ABSENT_BUNDLE_REVIEW,Source package absent; separately check bundled/native components.,"Group by source family; verify release version, exploit path and available fix. Apply low-risk supported fixes; otherwise propose mitigation and dated exception.",TO_ASSIGN,PENDING; NOT_ACCEPTED,,,Candidate/UAT decision pending
backend,libgdk-pixbuf-2.0-0,CVE-2026-81893,MEDIUM,OPEN_SOURCE_ABSENT_BUNDLE_REVIEW,Source package absent; separately check bundled/native components.,"Group by source family; verify release version, exploit path and available fix. Apply low-risk supported fixes; otherwise propose mitigation and dated exception.",TO_ASSIGN,PENDING; NOT_ACCEPTED,,,Candidate/UAT decision pending
backend,libgdk-pixbuf-2.0-0,CVE-2026-18090,LOW,OPEN_SOURCE_ABSENT_BUNDLE_REVIEW,Source package absent; separately check bundled/native components.,Retain in backlog; prioritize by exploitation and exposure; propose dated review after release.,TO_ASSIGN,PENDING; NOT_ACCEPTED,,,Candidate/UAT decision pending
backend,libgdk-pixbuf2.0-common,CVE-2026-16768,MEDIUM,OPEN_SOURCE_ABSENT_BUNDLE_REVIEW,Source package absent; separately check bundled/native components.,"Group by source family; verify release version, exploit path and available fix. Apply low-risk supported fixes; otherwise propose mitigation and dated exception.",TO_ASSIGN,PENDING; NOT_ACCEPTED,,,Candidate/UAT decision pending
backend,libgdk-pixbuf2.0-common,CVE-2026-81893,MEDIUM,OPEN_SOURCE_ABSENT_BUNDLE_REVIEW,Source package absent; separately check bundled/native components.,"Group by source family; verify release version, exploit path and available fix. Apply low-risk supported fixes; otherwise propose mitigation and dated exception.",TO_ASSIGN,PENDING; NOT_ACCEPTED,,,Candidate/UAT decision pending
backend,libgdk-pixbuf2.0-common,CVE-2026-18090,LOW,OPEN_SOURCE_ABSENT_BUNDLE_REVIEW,Source package absent; separately check bundled/native components.,Retain in backlog; prioritize by exploitation and exposure; propose dated review after release.,TO_ASSIGN,PENDING; NOT_ACCEPTED,,,Candidate/UAT decision pending
backend,libgfortran5,CVE-2026-102010,MEDIUM,OPEN_MISSING_VENDOR_EVIDENCE,No applicable vendor statement; missing matches are not fixes.,"Group by source family; verify release version, exploit path and available fix. Apply low-risk supported fixes; otherwise propose mitigation and dated exception.",TO_ASSIGN,PENDING; NOT_ACCEPTED,,,Candidate/UAT decision pending
backend,libgfortran5,CVE-2026-95619,MEDIUM,OPEN_MISSING_VENDOR_EVIDENCE,No applicable vendor statement; missing matches are not fixes.,"Group by source family; verify release version, exploit path and available fix. Apply low-risk supported fixes; otherwise propose mitigation and dated exception.",TO_ASSIGN,PENDING; NOT_ACCEPTED,,,Candidate/UAT decision pending
backend,libgl1,CVE-2023-45924,LOW,OPEN_MISSING_VENDOR_EVIDENCE,No applicable vendor statement; missing matches are not fixes.,Retain in backlog; prioritize by exploitation and exposure; propose dated review after release.,TO_ASSIGN,PENDING; NOT_ACCEPTED,,,Candidate/UAT decision pending
backend,libgl1-mesa-dri,CVE-2023-45913,LOW,OPEN_MISSING_VENDOR_EVIDENCE,No applicable vendor statement; missing matches are not fixes.,Retain in backlog; prioritize by exploitation and exposure; propose dated review after release.,TO_ASSIGN,PENDING; NOT_ACCEPTED,,,Candidate/UAT decision pending
backend,libgl1-mesa-dri,CVE-2023-45919,LOW,OPEN_MISSING_VENDOR_EVIDENCE,No applicable vendor statement; missing matches are not fixes.,Retain in backlog; prioritize by exploitation and exposure; propose dated review after release.,TO_ASSIGN,PENDING; NOT_ACCEPTED,,,Candidate/UAT decision pending
backend,libgl1-mesa-dri,CVE-2023-45922,LOW,OPEN_MISSING_VENDOR_EVIDENCE,No applicable vendor statement; missing matches are not fixes.,Retain in backlog; prioritize by exploitation and exposure; propose dated review after release.,TO_ASSIGN,PENDING; NOT_ACCEPTED,,,Candidate/UAT decision pending
backend,libgl1-mesa-dri,CVE-2023-45931,LOW,OPEN_MISSING_VENDOR_EVIDENCE,No applicable vendor statement; missing matches are not fixes.,Retain in backlog; prioritize by exploitation and exposure; propose dated review after release.,TO_ASSIGN,PENDING; NOT_ACCEPTED,,,Candidate/UAT decision pending
backend,libglib2.0-0t64,CVE-2026-86469,MEDIUM,OPEN_UNDER_INVESTIGATION,"This package (for the given release) is vulnerable to the CVE, the problem is understood, but it is currently deferred. CVE Notes / justification: as of 2026-09-29, there is no fix available from glib2.0 developers","Group by source family; verify release version, exploit path and available fix. Apply low-risk supported fixes; otherwise propose mitigation and dated exception.",TO_ASSIGN,PENDING; NOT_ACCEPTED,,,Candidate/UAT decision pending
backend,libglib2.0-0t64,CVE-2012-0039,LOW,OPEN_MISSING_VENDOR_EVIDENCE,No applicable vendor statement; missing matches are not fixes.,Retain in backlog; prioritize by exploitation and exposure; propose dated review after release.,TO_ASSIGN,PENDING; NOT_ACCEPTED,,,Candidate/UAT decision pending
backend,libglvnd0,CVE-2023-45924,LOW,OPEN_MISSING_VENDOR_EVIDENCE,No applicable vendor statement; missing matches are not fixes.,Retain in backlog; prioritize by exploitation and exposure; propose dated review after release.,TO_ASSIGN,PENDING; NOT_ACCEPTED,,,Candidate/UAT decision pending
backend,libglx-mesa0,CVE-2023-45913,LOW,OPEN_MISSING_VENDOR_EVIDENCE,No applicable vendor statement; missing matches are not fixes.,Retain in backlog; prioritize by exploitation and exposure; propose dated review after release.,TO_ASSIGN,PENDING; NOT_ACCEPTED,,,Candidate/UAT decision pending
backend,libglx-mesa0,CVE-2023-45919,LOW,OPEN_MISSING_VENDOR_EVIDENCE,No applicable vendor statement; missing matches are not fixes.,Retain in backlog; prioritize by exploitation and exposure; propose dated review after release.,TO_ASSIGN,PENDING; NOT_ACCEPTED,,,Candidate/UAT decision pending
backend,libglx-mesa0,CVE-2023-45922,LOW,OPEN_MISSING_VENDOR_EVIDENCE,No applicable vendor statement; missing matches are not fixes.,Retain in backlog; prioritize by exploitation and exposure; propose dated review after release.,TO_ASSIGN,PENDING; NOT_ACCEPTED,,,Candidate/UAT decision pending
backend,libglx-mesa0,CVE-2023-45931,LOW,OPEN_MISSING_VENDOR_EVIDENCE,No applicable vendor statement; missing matches are not fixes.,Retain in backlog; prioritize by exploitation and exposure; propose dated review after release.,TO_ASSIGN,PENDING; NOT_ACCEPTED,,,Candidate/UAT decision pending
backend,libglx0,CVE-2023-45924,LOW,OPEN_MISSING_VENDOR_EVIDENCE,No applicable vendor statement; missing matches are not fixes.,Retain in backlog; prioritize by exploitation and exposure; propose dated review after release.,TO_ASSIGN,PENDING; NOT_ACCEPTED,,,Candidate/UAT decision pending
backend,libgnutls30t64,CVE-2011-3389,LOW,OPEN_MISSING_VENDOR_EVIDENCE,No applicable vendor statement; missing matches are not fixes.,Retain in backlog; prioritize by exploitation and exposure; propose dated review after release.,TO_ASSIGN,PENDING; NOT_ACCEPTED,,,Candidate/UAT decision pending
backend,libgomp1,CVE-2026-102010,MEDIUM,OPEN_MISSING_VENDOR_EVIDENCE,No applicable vendor statement; missing matches are not fixes.,"Group by source family; verify release version, exploit path and available fix. Apply low-risk supported fixes; otherwise propose mitigation and dated exception.",TO_ASSIGN,PENDING; NOT_ACCEPTED,,,Candidate/UAT decision pending
backend,libgomp1,CVE-2026-95619,MEDIUM,OPEN_MISSING_VENDOR_EVIDENCE,No applicable vendor statement; missing matches are not fixes.,"Group by source family; verify release version, exploit path and available fix. Apply low-risk supported fixes; otherwise propose mitigation and dated exception.",TO_ASSIGN,PENDING; NOT_ACCEPTED,,,Candidate/UAT decision pending
backend,libgssapi-krb5-2,CVE-2018-5709,LOW,OPEN_MISSING_VENDOR_EVIDENCE,No applicable vendor statement; missing matches are not fixes.,Retain in backlog; prioritize by exploitation and exposure; propose dated review after release.,TO_ASSIGN,PENDING; NOT_ACCEPTED,,,Candidate/UAT decision pending
backend,libjbig0,CVE-2017-9937,LOW,OPEN_MISSING_VENDOR_EVIDENCE,No applicable vendor statement; missing matches are not fixes.,Retain in backlog; prioritize by exploitation and exposure; propose dated review after release.,TO_ASSIGN,PENDING; NOT_ACCEPTED,,,Candidate/UAT decision pending
backend,libjxl0.11,CVE-2026-52584,MEDIUM,OPEN_SOURCE_ABSENT_BUNDLE_REVIEW,Source package absent; separately check bundled/native components.,"Group by source family; verify release version, exploit path and available fix. Apply low-risk supported fixes; otherwise propose mitigation and dated exception.",TO_ASSIGN,PENDING; NOT_ACCEPTED,,,Candidate/UAT decision pending
backend,libjxl0.11,CVE-2021-36691,LOW,OPEN_MISSING_VENDOR_EVIDENCE,No applicable vendor statement; missing matches are not fixes.,Retain in backlog; prioritize by exploitation and exposure; propose dated review after release.,TO_ASSIGN,PENDING; NOT_ACCEPTED,,,Candidate/UAT decision pending
backend,libjxl0.11,CVE-2026-82522,UNKNOWN,OPEN_SOURCE_ABSENT_BUNDLE_REVIEW,Source package absent; separately check bundled/native components.,Retain in backlog; prioritize by exploitation and exposure; propose dated review after release.,TO_ASSIGN,PENDING; NOT_ACCEPTED,,,Candidate/UAT decision pending
backend,libk5crypto3,CVE-2018-5709,LOW,OPEN_MISSING_VENDOR_EVIDENCE,No applicable vendor statement; missing matches are not fixes.,Retain in backlog; prioritize by exploitation and exposure; propose dated review after release.,TO_ASSIGN,PENDING; NOT_ACCEPTED,,,Candidate/UAT decision pending
backend,libkrb5-3,CVE-2018-5709,LOW,OPEN_MISSING_VENDOR_EVIDENCE,No applicable vendor statement; missing matches are not fixes.,Retain in backlog; prioritize by exploitation and exposure; propose dated review after release.,TO_ASSIGN,PENDING; NOT_ACCEPTED,,,Candidate/UAT decision pending
backend,libkrb5support0,CVE-2018-5709,LOW,OPEN_MISSING_VENDOR_EVIDENCE,No applicable vendor statement; missing matches are not fixes.,Retain in backlog; prioritize by exploitation and exposure; propose dated review after release.,TO_ASSIGN,PENDING; NOT_ACCEPTED,,,Candidate/UAT decision pending
backend,liblastlog2-2,CVE-2022-0563,LOW,OPEN_MISSING_VENDOR_EVIDENCE,No applicable vendor statement; missing matches are not fixes.,Retain in backlog; prioritize by exploitation and exposure; propose dated review after release.,TO_ASSIGN,PENDING; NOT_ACCEPTED,,,Candidate/UAT decision pending
backend,liblcms2-2,CVE-2025-29070,LOW,OPEN_MISSING_VENDOR_EVIDENCE,No applicable vendor statement; missing matches are not fixes.,Retain in backlog; prioritize by exploitation and exposure; propose dated review after release.,TO_ASSIGN,PENDING; NOT_ACCEPTED,,,Candidate/UAT decision pending
backend,libldap2,CVE-2015-3276,LOW,OPEN_MISSING_VENDOR_EVIDENCE,No applicable vendor statement; missing matches are not fixes.,Retain in backlog; prioritize by exploitation and exposure; propose dated review after release.,TO_ASSIGN,PENDING; NOT_ACCEPTED,,,Candidate/UAT decision pending
backend,libldap2,CVE-2017-14159,LOW,OPEN_MISSING_VENDOR_EVIDENCE,No applicable vendor statement; missing matches are not fixes.,Retain in backlog; prioritize by exploitation and exposure; propose dated review after release.,TO_ASSIGN,PENDING; NOT_ACCEPTED,,,Candidate/UAT decision pending
backend,libldap2,CVE-2017-17740,LOW,OPEN_MISSING_VENDOR_EVIDENCE,No applicable vendor statement; missing matches are not fixes.,Retain in backlog; prioritize by exploitation and exposure; propose dated review after release.,TO_ASSIGN,PENDING; NOT_ACCEPTED,,,Candidate/UAT decision pending
backend,libldap2,CVE-2020-15719,LOW,OPEN_MISSING_VENDOR_EVIDENCE,No applicable vendor statement; missing matches are not fixes.,Retain in backlog; prioritize by exploitation and exposure; propose dated review after release.,TO_ASSIGN,PENDING; NOT_ACCEPTED,,,Candidate/UAT decision pending
backend,libllvm19,CVE-2024-7883,LOW,OPEN_SOURCE_ABSENT_BUNDLE_REVIEW,Source package absent; separately check bundled/native components.,Retain in backlog; prioritize by exploitation and exposure; propose dated review after release.,TO_ASSIGN,PENDING; NOT_ACCEPTED,,,Candidate/UAT decision pending
backend,libllvm19,CVE-2026-13573,LOW,OPEN_SOURCE_ABSENT_BUNDLE_REVIEW,Source package absent; separately check bundled/native components.,Retain in backlog; prioritize by exploitation and exposure; propose dated review after release.,TO_ASSIGN,PENDING; NOT_ACCEPTED,,,Candidate/UAT decision pending
backend,libllvm19,CVE-2026-13574,LOW,OPEN_SOURCE_ABSENT_BUNDLE_REVIEW,Source package absent; separately check bundled/native components.,Retain in backlog; prioritize by exploitation and exposure; propose dated review after release.,TO_ASSIGN,PENDING; NOT_ACCEPTED,,,Candidate/UAT decision pending
backend,liblzma5,TEMP-1147318-639065,UNKNOWN,OPEN_MISSING_VENDOR_EVIDENCE,No applicable vendor statement; missing matches are not fixes.,Retain in backlog; prioritize by exploitation and exposure; propose dated review after release.,TO_ASSIGN,PENDING; NOT_ACCEPTED,,,Candidate/UAT decision pending
backend,libmbedcrypto16,CVE-2018-1000520,LOW,OPEN_SOURCE_ABSENT_BUNDLE_REVIEW,Source package absent; separately check bundled/native components.,Retain in backlog; prioritize by exploitation and exposure; propose dated review after release.,TO_ASSIGN,PENDING; NOT_ACCEPTED,,,Candidate/UAT decision pending
backend,libmbedcrypto16,CVE-2025-66442,LOW,OPEN_SOURCE_ABSENT_BUNDLE_REVIEW,Source package absent; separately check bundled/native components.,Retain in backlog; prioritize by exploitation and exposure; propose dated review after release.,TO_ASSIGN,PENDING; NOT_ACCEPTED,,,Candidate/UAT decision pending
backend,libmbedcrypto16,CVE-2026-25833,LOW,OPEN_SOURCE_ABSENT_BUNDLE_REVIEW,Source package absent; separately check bundled/native components.,Retain in backlog; prioritize by exploitation and exposure; propose dated review after release.,TO_ASSIGN,PENDING; NOT_ACCEPTED,,,Candidate/UAT decision pending
backend,libmbedcrypto16,CVE-2026-34871,LOW,OPEN_SOURCE_ABSENT_BUNDLE_REVIEW,Source package absent; separately check bundled/native components.,Retain in backlog; prioritize by exploitation and exposure; propose dated review after release.,TO_ASSIGN,PENDING; NOT_ACCEPTED,,,Candidate/UAT decision pending
backend,libmbedcrypto16,CVE-2026-34877,LOW,OPEN_SOURCE_ABSENT_BUNDLE_REVIEW,Source package absent; separately check bundled/native components.,Retain in backlog; prioritize by exploitation and exposure; propose dated review after release.,TO_ASSIGN,PENDING; NOT_ACCEPTED,,,Candidate/UAT decision pending
backend,libmbedcrypto16,CVE-2026-25832,UNKNOWN,OPEN_SOURCE_ABSENT_BUNDLE_REVIEW,Source package absent; separately check bundled/native components.,Retain in backlog; prioritize by exploitation and exposure; propose dated review after release.,TO_ASSIGN,PENDING; NOT_ACCEPTED,,,Candidate/UAT decision pending
backend,libmbedcrypto16,CVE-2026-35336,UNKNOWN,OPEN_SOURCE_ABSENT_BUNDLE_REVIEW,Source package absent; separately check bundled/native components.,Retain in backlog; prioritize by exploitation and exposure; propose dated review after release.,TO_ASSIGN,PENDING; NOT_ACCEPTED,,,Candidate/UAT decision pending
backend,libmbedcrypto16,CVE-2026-49300,UNKNOWN,OPEN_SOURCE_ABSENT_BUNDLE_REVIEW,Source package absent; separately check bundled/native components.,Retain in backlog; prioritize by exploitation and exposure; propose dated review after release.,TO_ASSIGN,PENDING; NOT_ACCEPTED,,,Candidate/UAT decision pending
backend,libmbedcrypto16,CVE-2026-50579,UNKNOWN,OPEN_SOURCE_ABSENT_BUNDLE_REVIEW,Source package absent; separately check bundled/native components.,Retain in backlog; prioritize by exploitation and exposure; propose dated review after release.,TO_ASSIGN,PENDING; NOT_ACCEPTED,,,Candidate/UAT decision pending
backend,libmbedcrypto16,CVE-2026-50580,UNKNOWN,OPEN_SOURCE_ABSENT_BUNDLE_REVIEW,Source package absent; separately check bundled/native components.,Retain in backlog; prioritize by exploitation and exposure; propose dated review after release.,TO_ASSIGN,PENDING; NOT_ACCEPTED,,,Candidate/UAT decision pending
backend,libmbedcrypto16,CVE-2026-50581,UNKNOWN,OPEN_SOURCE_ABSENT_BUNDLE_REVIEW,Source package absent; separately check bundled/native components.,Retain in backlog; prioritize by exploitation and exposure; propose dated review after release.,TO_ASSIGN,PENDING; NOT_ACCEPTED,,,Candidate/UAT decision pending
backend,libmbedcrypto16,CVE-2026-50583,UNKNOWN,OPEN_SOURCE_ABSENT_BUNDLE_REVIEW,Source package absent; separately check bundled/native components.,Retain in backlog; prioritize by exploitation and exposure; propose dated review after release.,TO_ASSIGN,PENDING; NOT_ACCEPTED,,,Candidate/UAT decision pending
backend,libmbedcrypto16,CVE-2026-50584,UNKNOWN,OPEN_SOURCE_ABSENT_BUNDLE_REVIEW,Source package absent; separately check bundled/native components.,Retain in backlog; prioritize by exploitation and exposure; propose dated review after release.,TO_ASSIGN,PENDING; NOT_ACCEPTED,,,Candidate/UAT decision pending
backend,libmbedcrypto16,CVE-2026-50585,UNKNOWN,OPEN_SOURCE_ABSENT_BUNDLE_REVIEW,Source package absent; separately check bundled/native components.,Retain in backlog; prioritize by exploitation and exposure; propose dated review after release.,TO_ASSIGN,PENDING; NOT_ACCEPTED,,,Candidate/UAT decision pending
backend,libmbedcrypto16,CVE-2026-50586,UNKNOWN,OPEN_SOURCE_ABSENT_BUNDLE_REVIEW,Source package absent; separately check bundled/native components.,Retain in backlog; prioritize by exploitation and exposure; propose dated review after release.,TO_ASSIGN,PENDING; NOT_ACCEPTED,,,Candidate/UAT decision pending
backend,libmbedcrypto16,CVE-2026-50587,UNKNOWN,OPEN_SOURCE_ABSENT_BUNDLE_REVIEW,Source package absent; separately check bundled/native components.,Retain in backlog; prioritize by exploitation and exposure; propose dated review after release.,TO_ASSIGN,PENDING; NOT_ACCEPTED,,,Candidate/UAT decision pending
backend,libmbedcrypto16,CVE-2026-50588,UNKNOWN,OPEN_SOURCE_ABSENT_BUNDLE_REVIEW,Source package absent; separately check bundled/native components.,Retain in backlog; prioritize by exploitation and exposure; propose dated review after release.,TO_ASSIGN,PENDING; NOT_ACCEPTED,,,Candidate/UAT decision pending
backend,libmbedcrypto16,CVE-2026-50640,UNKNOWN,OPEN_SOURCE_ABSENT_BUNDLE_REVIEW,Source package absent; separately check bundled/native components.,Retain in backlog; prioritize by exploitation and exposure; propose dated review after release.,TO_ASSIGN,PENDING; NOT_ACCEPTED,,,Candidate/UAT decision pending
backend,libmbedcrypto16,CVE-2026-50713,UNKNOWN,OPEN_SOURCE_ABSENT_BUNDLE_REVIEW,Source package absent; separately check bundled/native components.,Retain in backlog; prioritize by exploitation and exposure; propose dated review after release.,TO_ASSIGN,PENDING; NOT_ACCEPTED,,,Candidate/UAT decision pending
backend,libmbedcrypto16,CVE-2026-54435,UNKNOWN,OPEN_SOURCE_ABSENT_BUNDLE_REVIEW,Source package absent; separately check bundled/native components.,Retain in backlog; prioritize by exploitation and exposure; propose dated review after release.,TO_ASSIGN,PENDING; NOT_ACCEPTED,,,Candidate/UAT decision pending
backend,libmbedcrypto16,CVE-2026-54441,UNKNOWN,OPEN_SOURCE_ABSENT_BUNDLE_REVIEW,Source package absent; separately check bundled/native components.,Retain in backlog; prioritize by exploitation and exposure; propose dated review after release.,TO_ASSIGN,PENDING; NOT_ACCEPTED,,,Candidate/UAT decision pending
backend,libmbedcrypto16,CVE-2026-73064,UNKNOWN,OPEN_SOURCE_ABSENT_BUNDLE_REVIEW,Source package absent; separately check bundled/native components.,Retain in backlog; prioritize by exploitation and exposure; propose dated review after release.,TO_ASSIGN,PENDING; NOT_ACCEPTED,,,Candidate/UAT decision pending
backend,libmount1,CVE-2022-0563,LOW,OPEN_MISSING_VENDOR_EVIDENCE,No applicable vendor statement; missing matches are not fixes.,Retain in backlog; prioritize by exploitation and exposure; propose dated review after release.,TO_ASSIGN,PENDING; NOT_ACCEPTED,,,Candidate/UAT decision pending
backend,libnss3,CVE-2017-11695,LOW,OPEN_MISSING_VENDOR_EVIDENCE,No applicable vendor statement; missing matches are not fixes.,Retain in backlog; prioritize by exploitation and exposure; propose dated review after release.,TO_ASSIGN,PENDING; NOT_ACCEPTED,,,Candidate/UAT decision pending
backend,libnss3,CVE-2017-11696,LOW,OPEN_MISSING_VENDOR_EVIDENCE,No applicable vendor statement; missing matches are not fixes.,Retain in backlog; prioritize by exploitation and exposure; propose dated review after release.,TO_ASSIGN,PENDING; NOT_ACCEPTED,,,Candidate/UAT decision pending
backend,libnss3,CVE-2017-11697,LOW,OPEN_MISSING_VENDOR_EVIDENCE,No applicable vendor statement; missing matches are not fixes.,Retain in backlog; prioritize by exploitation and exposure; propose dated review after release.,TO_ASSIGN,PENDING; NOT_ACCEPTED,,,Candidate/UAT decision pending
backend,libnss3,CVE-2017-11698,LOW,OPEN_MISSING_VENDOR_EVIDENCE,No applicable vendor statement; missing matches are not fixes.,Retain in backlog; prioritize by exploitation and exposure; propose dated review after release.,TO_ASSIGN,PENDING; NOT_ACCEPTED,,,Candidate/UAT decision pending
backend,libopenjp2-7,CVE-2023-39328,MEDIUM,OPEN_UNDER_INVESTIGATION,"This package (for the given release) is vulnerable to the CVE, the problem is understood, but it is currently deferred. CVE Notes / justification: as of 2026-05-04, there is no upstream fix for this issue","Group by source family; verify release version, exploit path and available fix. Apply low-risk supported fixes; otherwise propose mitigation and dated exception.",TO_ASSIGN,PENDING; NOT_ACCEPTED,,,Candidate/UAT decision pending
backend,libopenjp2-7,CVE-2023-39329,MEDIUM,OPEN_UNDER_INVESTIGATION,"This package (for the given release) is vulnerable to the CVE, the problem is understood, but it is currently deferred. CVE Notes / justification: as of 2026-05-04, there is no upstream fix for this issue","Group by source family; verify release version, exploit path and available fix. Apply low-risk supported fixes; otherwise propose mitigation and dated exception.",TO_ASSIGN,PENDING; NOT_ACCEPTED,,,Candidate/UAT decision pending
backend,libopenjp2-7,CVE-2016-10505,LOW,OPEN_MISSING_VENDOR_EVIDENCE,No applicable vendor statement; missing matches are not fixes.,Retain in backlog; prioritize by exploitation and exposure; propose dated review after release.,TO_ASSIGN,PENDING; NOT_ACCEPTED,,,Candidate/UAT decision pending
backend,libopenjp2-7,CVE-2016-9580,LOW,OPEN_MISSING_VENDOR_EVIDENCE,No applicable vendor statement; missing matches are not fixes.,Retain in backlog; prioritize by exploitation and exposure; propose dated review after release.,TO_ASSIGN,PENDING; NOT_ACCEPTED,,,Candidate/UAT decision pending
backend,libopenjp2-7,CVE-2016-9581,LOW,OPEN_MISSING_VENDOR_EVIDENCE,No applicable vendor statement; missing matches are not fixes.,Retain in backlog; prioritize by exploitation and exposure; propose dated review after release.,TO_ASSIGN,PENDING; NOT_ACCEPTED,,,Candidate/UAT decision pending
backend,libopenjp2-7,CVE-2018-16376,LOW,OPEN_MISSING_VENDOR_EVIDENCE,No applicable vendor statement; missing matches are not fixes.,Retain in backlog; prioritize by exploitation and exposure; propose dated review after release.,TO_ASSIGN,PENDING; NOT_ACCEPTED,,,Candidate/UAT decision pending
backend,libopenjp2-7,CVE-2019-6988,LOW,OPEN_UNDER_INVESTIGATION,"This package (for the given release) is vulnerable to the CVE, the problem is understood, but it is currently deferred. CVE Notes / justification: no upstream fix for openjpeg available as of 2025-06-27 potential fix identified in the github issue listed above, needs investigation to see if accurate.",Retain in backlog; prioritize by exploitation and exposure; propose dated review after release.,TO_ASSIGN,PENDING; NOT_ACCEPTED,,,Candidate/UAT decision pending
backend,libpixman-1-0,CVE-2023-37769,LOW,OPEN_UNDER_INVESTIGATION,"This package (for the given release) is vulnerable to the CVE, the problem is understood, but it is currently deferred. CVE Notes / justification: Whilst the CVE description mentions the stress-test binary (which is only part of the test suite in pixman and itself is not distributed in Ubuntu) it is not clear if this is a bug in the underlying library code itself or just in stress-test New comment in upstream bug does suggest this issue is in the test binary as of 2024-06-11, there is no upstream fix available for this issue",Retain in backlog; prioritize by exploitation and exposure; propose dated review after release.,TO_ASSIGN,PENDING; NOT_ACCEPTED,,,Candidate/UAT decision pending
backend,libpng16-16t64,CVE-2021-4214,LOW,OPEN_MISSING_VENDOR_EVIDENCE,No applicable vendor statement; missing matches are not fixes.,Retain in backlog; prioritize by exploitation and exposure; propose dated review after release.,TO_ASSIGN,PENDING; NOT_ACCEPTED,,,Candidate/UAT decision pending
backend,libpng16-16t64,CVE-2026-3713,LOW,OPEN_NOT_AFFECTED,"This package (for the given release), while related to the CVE in some way, is not affected by the issue. CVE Notes / justification: Ubuntu packages don't build the contrib/pngminus/pnm2png.c source file.",Retain in backlog; prioritize by exploitation and exposure; propose dated review after release.,TO_ASSIGN,PENDING; NOT_ACCEPTED,,,Candidate/UAT decision pending
backend,libpoppler147,CVE-2026-93311,MEDIUM,OPEN_UNDER_INVESTIGATION,Ubuntu Security Team classified this CVE as of Medium priority.,"Group by source family; verify release version, exploit path and available fix. Apply low-risk supported fixes; otherwise propose mitigation and dated exception.",TO_ASSIGN,PENDING; NOT_ACCEPTED,,,Candidate/UAT decision pending
backend,libpoppler147,CVE-2026-93653,MEDIUM,OPEN_UNDER_INVESTIGATION,Ubuntu Security Team classified this CVE as of Medium priority.,"Group by source family; verify release version, exploit path and available fix. Apply low-risk supported fixes; otherwise propose mitigation and dated exception.",TO_ASSIGN,PENDING; NOT_ACCEPTED,,,Candidate/UAT decision pending
backend,libpoppler147,CVE-2013-4472,LOW,OPEN_MISSING_VENDOR_EVIDENCE,No applicable vendor statement; missing matches are not fixes.,Retain in backlog; prioritize by exploitation and exposure; propose dated review after release.,TO_ASSIGN,PENDING; NOT_ACCEPTED,,,Candidate/UAT decision pending
backend,libpoppler147,CVE-2017-2814,LOW,OPEN_MISSING_VENDOR_EVIDENCE,No applicable vendor statement; missing matches are not fixes.,Retain in backlog; prioritize by exploitation and exposure; propose dated review after release.,TO_ASSIGN,PENDING; NOT_ACCEPTED,,,Candidate/UAT decision pending
backend,libpoppler147,CVE-2017-2818,LOW,OPEN_MISSING_VENDOR_EVIDENCE,No applicable vendor statement; missing matches are not fixes.,Retain in backlog; prioritize by exploitation and exposure; propose dated review after release.,TO_ASSIGN,PENDING; NOT_ACCEPTED,,,Candidate/UAT decision pending
backend,libpoppler147,CVE-2017-2820,LOW,OPEN_MISSING_VENDOR_EVIDENCE,No applicable vendor statement; missing matches are not fixes.,Retain in backlog; prioritize by exploitation and exposure; propose dated review after release.,TO_ASSIGN,PENDING; NOT_ACCEPTED,,,Candidate/UAT decision pending
backend,libpoppler147,CVE-2017-9083,LOW,OPEN_MISSING_VENDOR_EVIDENCE,No applicable vendor statement; missing matches are not fixes.,Retain in backlog; prioritize by exploitation and exposure; propose dated review after release.,TO_ASSIGN,PENDING; NOT_ACCEPTED,,,Candidate/UAT decision pending
backend,libpoppler147,CVE-2019-9543,LOW,OPEN_UNDER_INVESTIGATION,"This package (for the given release) is vulnerable to the CVE, the problem is understood, but it is currently deferred. CVE Notes / justification: as of 2026-06-04, not fixed upstream",Retain in backlog; prioritize by exploitation and exposure; propose dated review after release.,TO_ASSIGN,PENDING; NOT_ACCEPTED,,,Candidate/UAT decision pending
backend,libpoppler147,CVE-2019-9545,LOW,OPEN_UNDER_INVESTIGATION,"This package (for the given release) is vulnerable to the CVE, the problem is understood, but it is currently deferred. CVE Notes / justification: as of 2026-06-04, not fixed upstream",Retain in backlog; prioritize by exploitation and exposure; propose dated review after release.,TO_ASSIGN,PENDING; NOT_ACCEPTED,,,Candidate/UAT decision pending
backend,libpoppler147,CVE-2022-24106,LOW,OPEN_MISSING_VENDOR_EVIDENCE,No applicable vendor statement; missing matches are not fixes.,Retain in backlog; prioritize by exploitation and exposure; propose dated review after release.,TO_ASSIGN,PENDING; NOT_ACCEPTED,,,Candidate/UAT decision pending
backend,libpoppler147,CVE-2026-102621,LOW,OPEN_UNDER_INVESTIGATION,Ubuntu Security Team classified this CVE as of Medium priority.,Retain in backlog; prioritize by exploitation and exposure; propose dated review after release.,TO_ASSIGN,PENDING; NOT_ACCEPTED,,,Candidate/UAT decision pending
backend,libreoffice-base-core,CVE-2012-5639,LOW,OPEN_MISSING_VENDOR_EVIDENCE,No applicable vendor statement; missing matches are not fixes.,Retain in backlog; prioritize by exploitation and exposure; propose dated review after release.,TO_ASSIGN,PENDING; NOT_ACCEPTED,,,Candidate/UAT decision pending
backend,libreoffice-base-core,CVE-2018-10583,LOW,OPEN_MISSING_VENDOR_EVIDENCE,No applicable vendor statement; missing matches are not fixes.,Retain in backlog; prioritize by exploitation and exposure; propose dated review after release.,TO_ASSIGN,PENDING; NOT_ACCEPTED,,,Candidate/UAT decision pending
backend,libreoffice-common,CVE-2012-5639,LOW,OPEN_MISSING_VENDOR_EVIDENCE,No applicable vendor statement; missing matches are not fixes.,Retain in backlog; prioritize by exploitation and exposure; propose dated review after release.,TO_ASSIGN,PENDING; NOT_ACCEPTED,,,Candidate/UAT decision pending
backend,libreoffice-common,CVE-2018-10583,LOW,OPEN_MISSING_VENDOR_EVIDENCE,No applicable vendor statement; missing matches are not fixes.,Retain in backlog; prioritize by exploitation and exposure; propose dated review after release.,TO_ASSIGN,PENDING; NOT_ACCEPTED,,,Candidate/UAT decision pending
backend,libreoffice-core,CVE-2012-5639,LOW,OPEN_MISSING_VENDOR_EVIDENCE,No applicable vendor statement; missing matches are not fixes.,Retain in backlog; prioritize by exploitation and exposure; propose dated review after release.,TO_ASSIGN,PENDING; NOT_ACCEPTED,,,Candidate/UAT decision pending
backend,libreoffice-core,CVE-2018-10583,LOW,OPEN_MISSING_VENDOR_EVIDENCE,No applicable vendor statement; missing matches are not fixes.,Retain in backlog; prioritize by exploitation and exposure; propose dated review after release.,TO_ASSIGN,PENDING; NOT_ACCEPTED,,,Candidate/UAT decision pending
backend,libreoffice-draw,CVE-2012-5639,LOW,OPEN_MISSING_VENDOR_EVIDENCE,No applicable vendor statement; missing matches are not fixes.,Retain in backlog; prioritize by exploitation and exposure; propose dated review after release.,TO_ASSIGN,PENDING; NOT_ACCEPTED,,,Candidate/UAT decision pending
backend,libreoffice-draw,CVE-2018-10583,LOW,OPEN_MISSING_VENDOR_EVIDENCE,No applicable vendor statement; missing matches are not fixes.,Retain in backlog; prioritize by exploitation and exposure; propose dated review after release.,TO_ASSIGN,PENDING; NOT_ACCEPTED,,,Candidate/UAT decision pending
backend,libreoffice-impress,CVE-2012-5639,LOW,OPEN_MISSING_VENDOR_EVIDENCE,No applicable vendor statement; missing matches are not fixes.,Retain in backlog; prioritize by exploitation and exposure; propose dated review after release.,TO_ASSIGN,PENDING; NOT_ACCEPTED,,,Candidate/UAT decision pending
backend,libreoffice-impress,CVE-2018-10583,LOW,OPEN_MISSING_VENDOR_EVIDENCE,No applicable vendor statement; missing matches are not fixes.,Retain in backlog; prioritize by exploitation and exposure; propose dated review after release.,TO_ASSIGN,PENDING; NOT_ACCEPTED,,,Candidate/UAT decision pending
backend,libreoffice-style-colibre,CVE-2012-5639,LOW,OPEN_MISSING_VENDOR_EVIDENCE,No applicable vendor statement; missing matches are not fixes.,Retain in backlog; prioritize by exploitation and exposure; propose dated review after release.,TO_ASSIGN,PENDING; NOT_ACCEPTED,,,Candidate/UAT decision pending
backend,libreoffice-style-colibre,CVE-2018-10583,LOW,OPEN_MISSING_VENDOR_EVIDENCE,No applicable vendor statement; missing matches are not fixes.,Retain in backlog; prioritize by exploitation and exposure; propose dated review after release.,TO_ASSIGN,PENDING; NOT_ACCEPTED,,,Candidate/UAT decision pending
backend,libreoffice-uiconfig-common,CVE-2012-5639,LOW,OPEN_MISSING_VENDOR_EVIDENCE,No applicable vendor statement; missing matches are not fixes.,Retain in backlog; prioritize by exploitation and exposure; propose dated review after release.,TO_ASSIGN,PENDING; NOT_ACCEPTED,,,Candidate/UAT decision pending
backend,libreoffice-uiconfig-common,CVE-2018-10583,LOW,OPEN_MISSING_VENDOR_EVIDENCE,No applicable vendor statement; missing matches are not fixes.,Retain in backlog; prioritize by exploitation and exposure; propose dated review after release.,TO_ASSIGN,PENDING; NOT_ACCEPTED,,,Candidate/UAT decision pending
backend,libreoffice-uiconfig-draw,CVE-2012-5639,LOW,OPEN_MISSING_VENDOR_EVIDENCE,No applicable vendor statement; missing matches are not fixes.,Retain in backlog; prioritize by exploitation and exposure; propose dated review after release.,TO_ASSIGN,PENDING; NOT_ACCEPTED,,,Candidate/UAT decision pending
backend,libreoffice-uiconfig-draw,CVE-2018-10583,LOW,OPEN_MISSING_VENDOR_EVIDENCE,No applicable vendor statement; missing matches are not fixes.,Retain in backlog; prioritize by exploitation and exposure; propose dated review after release.,TO_ASSIGN,PENDING; NOT_ACCEPTED,,,Candidate/UAT decision pending
backend,libreoffice-uiconfig-impress,CVE-2012-5639,LOW,OPEN_MISSING_VENDOR_EVIDENCE,No applicable vendor statement; missing matches are not fixes.,Retain in backlog; prioritize by exploitation and exposure; propose dated review after release.,TO_ASSIGN,PENDING; NOT_ACCEPTED,,,Candidate/UAT decision pending
backend,libreoffice-uiconfig-impress,CVE-2018-10583,LOW,OPEN_MISSING_VENDOR_EVIDENCE,No applicable vendor statement; missing matches are not fixes.,Retain in backlog; prioritize by exploitation and exposure; propose dated review after release.,TO_ASSIGN,PENDING; NOT_ACCEPTED,,,Candidate/UAT decision pending
backend,libreoffice-uiconfig-writer,CVE-2012-5639,LOW,OPEN_MISSING_VENDOR_EVIDENCE,No applicable vendor statement; missing matches are not fixes.,Retain in backlog; prioritize by exploitation and exposure; propose dated review after release.,TO_ASSIGN,PENDING; NOT_ACCEPTED,,,Candidate/UAT decision pending
backend,libreoffice-uiconfig-writer,CVE-2018-10583,LOW,OPEN_MISSING_VENDOR_EVIDENCE,No applicable vendor statement; missing matches are not fixes.,Retain in backlog; prioritize by exploitation and exposure; propose dated review after release.,TO_ASSIGN,PENDING; NOT_ACCEPTED,,,Candidate/UAT decision pending
backend,libreoffice-writer,CVE-2012-5639,LOW,OPEN_MISSING_VENDOR_EVIDENCE,No applicable vendor statement; missing matches are not fixes.,Retain in backlog; prioritize by exploitation and exposure; propose dated review after release.,TO_ASSIGN,PENDING; NOT_ACCEPTED,,,Candidate/UAT decision pending
backend,libreoffice-writer,CVE-2018-10583,LOW,OPEN_MISSING_VENDOR_EVIDENCE,No applicable vendor statement; missing matches are not fixes.,Retain in backlog; prioritize by exploitation and exposure; propose dated review after release.,TO_ASSIGN,PENDING; NOT_ACCEPTED,,,Candidate/UAT decision pending
backend,librsvg2-2,CVE-2026-96889,HIGH,OPEN_SOURCE_ABSENT_BUNDLE_REVIEW,Source package absent; separately check bundled/native components. Priority1 review: 1316 native files inventoried; no target-family fingerprints or dynamic references. Exact downloaded/static source provenance remains unresolved. See sbom-lms-backend-priority1-2026-10-07.md; no closure or software patch claimed.,Confirm presence and reachable exposure in the release artifact; retain coverage gap or obtain specific owner-approved temporary exception. Do not mark absent based on fingerprints alone.,TO_ASSIGN,PENDING; NOT_ACCEPTED,,,Candidate/UAT decision pending
backend,libslang2,CVE-2023-45927,LOW,OPEN_SOURCE_ABSENT_BUNDLE_REVIEW,Source package absent; separately check bundled/native components.,Retain in backlog; prioritize by exploitation and exposure; propose dated review after release.,TO_ASSIGN,PENDING; NOT_ACCEPTED,,,Candidate/UAT decision pending
backend,libslang2,CVE-2023-45929,LOW,OPEN_SOURCE_ABSENT_BUNDLE_REVIEW,Source package absent; separately check bundled/native components.,Retain in backlog; prioritize by exploitation and exposure; propose dated review after release.,TO_ASSIGN,PENDING; NOT_ACCEPTED,,,Candidate/UAT decision pending
backend,libsmartcols1,CVE-2022-0563,LOW,OPEN_MISSING_VENDOR_EVIDENCE,No applicable vendor statement; missing matches are not fixes.,Retain in backlog; prioritize by exploitation and exposure; propose dated review after release.,TO_ASSIGN,PENDING; NOT_ACCEPTED,,,Candidate/UAT decision pending
backend,libsndfile1,CVE-2026-37555,HIGH,OPEN_SOURCE_ABSENT_BUNDLE_REVIEW,Source package absent; separately check bundled/native components. Priority1 review: 1316 native files inventoried; no target-family fingerprints or dynamic references. Exact downloaded/static source provenance remains unresolved. See sbom-lms-backend-priority1-2026-10-07.md; no closure or software patch claimed.,Confirm presence and reachable exposure in the release artifact; retain coverage gap or obtain specific owner-approved temporary exception. Do not mark absent based on fingerprints alone.,TO_ASSIGN,PENDING; NOT_ACCEPTED,,,Candidate/UAT decision pending
backend,libsndfile1,CVE-2024-50613,MEDIUM,OPEN_SOURCE_ABSENT_BUNDLE_REVIEW,Source package absent; separately check bundled/native components.,"Group by source family; verify release version, exploit path and available fix. Apply low-risk supported fixes; otherwise propose mitigation and dated exception.",TO_ASSIGN,PENDING; NOT_ACCEPTED,,,Candidate/UAT decision pending
backend,libsndfile1,CVE-2026-88372,MEDIUM,OPEN_SOURCE_ABSENT_BUNDLE_REVIEW,Source package absent; separately check bundled/native components.,"Group by source family; verify release version, exploit path and available fix. Apply low-risk supported fixes; otherwise propose mitigation and dated exception.",TO_ASSIGN,PENDING; NOT_ACCEPTED,,,Candidate/UAT decision pending
backend,libsndfile1,CVE-2026-88386,MEDIUM,OPEN_SOURCE_ABSENT_BUNDLE_REVIEW,Source package absent; separately check bundled/native components.,"Group by source family; verify release version, exploit path and available fix. Apply low-risk supported fixes; otherwise propose mitigation and dated exception.",TO_ASSIGN,PENDING; NOT_ACCEPTED,,,Candidate/UAT decision pending
backend,libsqlite3-0,CVE-2021-45346,LOW,OPEN_MISSING_VENDOR_EVIDENCE,No applicable vendor statement; missing matches are not fixes.,Retain in backlog; prioritize by exploitation and exposure; propose dated review after release.,TO_ASSIGN,PENDING; NOT_ACCEPTED,,,Candidate/UAT decision pending
backend,libsqlite3-0,CVE-2025-70873,LOW,OPEN_MISSING_VENDOR_EVIDENCE,No applicable vendor statement; missing matches are not fixes.,Retain in backlog; prioritize by exploitation and exposure; propose dated review after release.,TO_ASSIGN,PENDING; NOT_ACCEPTED,,,Candidate/UAT decision pending
backend,libstdc++6,CVE-2026-102010,MEDIUM,OPEN_MISSING_VENDOR_EVIDENCE,No applicable vendor statement; missing matches are not fixes.,"Group by source family; verify release version, exploit path and available fix. Apply low-risk supported fixes; otherwise propose mitigation and dated exception.",TO_ASSIGN,PENDING; NOT_ACCEPTED,,,Candidate/UAT decision pending
backend,libstdc++6,CVE-2026-95619,MEDIUM,OPEN_MISSING_VENDOR_EVIDENCE,No applicable vendor statement; missing matches are not fixes.,"Group by source family; verify release version, exploit path and available fix. Apply low-risk supported fixes; otherwise propose mitigation and dated exception.",TO_ASSIGN,PENDING; NOT_ACCEPTED,,,Candidate/UAT decision pending
backend,libsystemd0,CVE-2013-4392,LOW,OPEN_MISSING_VENDOR_EVIDENCE,No applicable vendor statement; missing matches are not fixes.,Retain in backlog; prioritize by exploitation and exposure; propose dated review after release.,TO_ASSIGN,PENDING; NOT_ACCEPTED,,,Candidate/UAT decision pending
backend,libsystemd0,CVE-2023-31437,LOW,OPEN_MISSING_VENDOR_EVIDENCE,No applicable vendor statement; missing matches are not fixes.,Retain in backlog; prioritize by exploitation and exposure; propose dated review after release.,TO_ASSIGN,PENDING; NOT_ACCEPTED,,,Candidate/UAT decision pending
backend,libsystemd0,CVE-2023-31438,LOW,OPEN_MISSING_VENDOR_EVIDENCE,No applicable vendor statement; missing matches are not fixes.,Retain in backlog; prioritize by exploitation and exposure; propose dated review after release.,TO_ASSIGN,PENDING; NOT_ACCEPTED,,,Candidate/UAT decision pending
backend,libsystemd0,CVE-2023-31439,LOW,OPEN_MISSING_VENDOR_EVIDENCE,No applicable vendor statement; missing matches are not fixes.,Retain in backlog; prioritize by exploitation and exposure; propose dated review after release.,TO_ASSIGN,PENDING; NOT_ACCEPTED,,,Candidate/UAT decision pending
backend,libsystemd0,CVE-2026-40228,LOW,OPEN_UNDER_INVESTIGATION,"This package (for the given release) is vulnerable to the CVE, the problem is understood, but it is currently deferred. CVE Notes / justification: as of 2026-06-05, there does not appear to be a fix for this issue by systemd developers",Retain in backlog; prioritize by exploitation and exposure; propose dated review after release.,TO_ASSIGN,PENDING; NOT_ACCEPTED,,,Candidate/UAT decision pending
backend,libtheoradec1,CVE-2026-5673,LOW,OPEN_SOURCE_ABSENT_BUNDLE_REVIEW,Source package absent; separately check bundled/native components.,Retain in backlog; prioritize by exploitation and exposure; propose dated review after release.,TO_ASSIGN,PENDING; NOT_ACCEPTED,,,Candidate/UAT decision pending
backend,libtheoraenc1,CVE-2026-5673,LOW,OPEN_SOURCE_ABSENT_BUNDLE_REVIEW,Source package absent; separately check bundled/native components.,Retain in backlog; prioritize by exploitation and exposure; propose dated review after release.,TO_ASSIGN,PENDING; NOT_ACCEPTED,,,Candidate/UAT decision pending
backend,libtiff6,CVE-2017-16232,LOW,OPEN_MISSING_VENDOR_EVIDENCE,No applicable vendor statement; missing matches are not fixes.,Retain in backlog; prioritize by exploitation and exposure; propose dated review after release.,TO_ASSIGN,PENDING; NOT_ACCEPTED,,,Candidate/UAT decision pending
backend,libtiff6,CVE-2022-1210,LOW,OPEN_MISSING_VENDOR_EVIDENCE,No applicable vendor statement; missing matches are not fixes.,Retain in backlog; prioritize by exploitation and exposure; propose dated review after release.,TO_ASSIGN,PENDING; NOT_ACCEPTED,,,Candidate/UAT decision pending
backend,libtiff6,CVE-2025-8176,LOW,OPEN_MISSING_VENDOR_EVIDENCE,No applicable vendor statement; missing matches are not fixes.,Retain in backlog; prioritize by exploitation and exposure; propose dated review after release.,TO_ASSIGN,PENDING; NOT_ACCEPTED,,,Candidate/UAT decision pending
backend,libtiff6,CVE-2025-8177,LOW,OPEN_MISSING_VENDOR_EVIDENCE,No applicable vendor statement; missing matches are not fixes.,Retain in backlog; prioritize by exploitation and exposure; propose dated review after release.,TO_ASSIGN,PENDING; NOT_ACCEPTED,,,Candidate/UAT decision pending
backend,libtiff6,CVE-2026-52492,LOW,OPEN_MISSING_VENDOR_EVIDENCE,No applicable vendor statement; missing matches are not fixes.,Retain in backlog; prioritize by exploitation and exposure; propose dated review after release.,TO_ASSIGN,PENDING; NOT_ACCEPTED,,,Candidate/UAT decision pending
backend,libudev1,CVE-2013-4392,LOW,OPEN_MISSING_VENDOR_EVIDENCE,No applicable vendor statement; missing matches are not fixes.,Retain in backlog; prioritize by exploitation and exposure; propose dated review after release.,TO_ASSIGN,PENDING; NOT_ACCEPTED,,,Candidate/UAT decision pending
backend,libudev1,CVE-2023-31437,LOW,OPEN_MISSING_VENDOR_EVIDENCE,No applicable vendor statement; missing matches are not fixes.,Retain in backlog; prioritize by exploitation and exposure; propose dated review after release.,TO_ASSIGN,PENDING; NOT_ACCEPTED,,,Candidate/UAT decision pending
backend,libudev1,CVE-2023-31438,LOW,OPEN_MISSING_VENDOR_EVIDENCE,No applicable vendor statement; missing matches are not fixes.,Retain in backlog; prioritize by exploitation and exposure; propose dated review after release.,TO_ASSIGN,PENDING; NOT_ACCEPTED,,,Candidate/UAT decision pending
backend,libudev1,CVE-2023-31439,LOW,OPEN_MISSING_VENDOR_EVIDENCE,No applicable vendor statement; missing matches are not fixes.,Retain in backlog; prioritize by exploitation and exposure; propose dated review after release.,TO_ASSIGN,PENDING; NOT_ACCEPTED,,,Candidate/UAT decision pending
backend,libudev1,CVE-2026-40228,LOW,OPEN_UNDER_INVESTIGATION,"This package (for the given release) is vulnerable to the CVE, the problem is understood, but it is currently deferred. CVE Notes / justification: as of 2026-06-05, there does not appear to be a fix for this issue by systemd developers",Retain in backlog; prioritize by exploitation and exposure; propose dated review after release.,TO_ASSIGN,PENDING; NOT_ACCEPTED,,,Candidate/UAT decision pending
backend,libuno-cppu3t64,CVE-2012-5639,LOW,OPEN_MISSING_VENDOR_EVIDENCE,No applicable vendor statement; missing matches are not fixes.,Retain in backlog; prioritize by exploitation and exposure; propose dated review after release.,TO_ASSIGN,PENDING; NOT_ACCEPTED,,,Candidate/UAT decision pending
backend,libuno-cppu3t64,CVE-2018-10583,LOW,OPEN_MISSING_VENDOR_EVIDENCE,No applicable vendor statement; missing matches are not fixes.,Retain in backlog; prioritize by exploitation and exposure; propose dated review after release.,TO_ASSIGN,PENDING; NOT_ACCEPTED,,,Candidate/UAT decision pending
backend,libuno-cppuhelpergcc3-3t64,CVE-2012-5639,LOW,OPEN_MISSING_VENDOR_EVIDENCE,No applicable vendor statement; missing matches are not fixes.,Retain in backlog; prioritize by exploitation and exposure; propose dated review after release.,TO_ASSIGN,PENDING; NOT_ACCEPTED,,,Candidate/UAT decision pending
backend,libuno-cppuhelpergcc3-3t64,CVE-2018-10583,LOW,OPEN_MISSING_VENDOR_EVIDENCE,No applicable vendor statement; missing matches are not fixes.,Retain in backlog; prioritize by exploitation and exposure; propose dated review after release.,TO_ASSIGN,PENDING; NOT_ACCEPTED,,,Candidate/UAT decision pending
backend,libuno-purpenvhelpergcc3-3t64,CVE-2012-5639,LOW,OPEN_MISSING_VENDOR_EVIDENCE,No applicable vendor statement; missing matches are not fixes.,Retain in backlog; prioritize by exploitation and exposure; propose dated review after release.,TO_ASSIGN,PENDING; NOT_ACCEPTED,,,Candidate/UAT decision pending
backend,libuno-purpenvhelpergcc3-3t64,CVE-2018-10583,LOW,OPEN_MISSING_VENDOR_EVIDENCE,No applicable vendor statement; missing matches are not fixes.,Retain in backlog; prioritize by exploitation and exposure; propose dated review after release.,TO_ASSIGN,PENDING; NOT_ACCEPTED,,,Candidate/UAT decision pending
backend,libuno-sal3t64,CVE-2012-5639,LOW,OPEN_MISSING_VENDOR_EVIDENCE,No applicable vendor statement; missing matches are not fixes.,Retain in backlog; prioritize by exploitation and exposure; propose dated review after release.,TO_ASSIGN,PENDING; NOT_ACCEPTED,,,Candidate/UAT decision pending
backend,libuno-sal3t64,CVE-2018-10583,LOW,OPEN_MISSING_VENDOR_EVIDENCE,No applicable vendor statement; missing matches are not fixes.,Retain in backlog; prioritize by exploitation and exposure; propose dated review after release.,TO_ASSIGN,PENDING; NOT_ACCEPTED,,,Candidate/UAT decision pending
backend,libuno-salhelpergcc3-3t64,CVE-2012-5639,LOW,OPEN_MISSING_VENDOR_EVIDENCE,No applicable vendor statement; missing matches are not fixes.,Retain in backlog; prioritize by exploitation and exposure; propose dated review after release.,TO_ASSIGN,PENDING; NOT_ACCEPTED,,,Candidate/UAT decision pending
backend,libuno-salhelpergcc3-3t64,CVE-2018-10583,LOW,OPEN_MISSING_VENDOR_EVIDENCE,No applicable vendor statement; missing matches are not fixes.,Retain in backlog; prioritize by exploitation and exposure; propose dated review after release.,TO_ASSIGN,PENDING; NOT_ACCEPTED,,,Candidate/UAT decision pending
backend,libusb-1.0-0,CVE-2026-23679,MEDIUM,OPEN_MISSING_VENDOR_EVIDENCE,No applicable vendor statement; missing matches are not fixes.,"Group by source family; verify release version, exploit path and available fix. Apply low-risk supported fixes; otherwise propose mitigation and dated exception.",TO_ASSIGN,PENDING; NOT_ACCEPTED,,,Candidate/UAT decision pending
backend,libusb-1.0-0,CVE-2026-47104,MEDIUM,OPEN_MISSING_VENDOR_EVIDENCE,No applicable vendor statement; missing matches are not fixes.,"Group by source family; verify release version, exploit path and available fix. Apply low-risk supported fixes; otherwise propose mitigation and dated exception.",TO_ASSIGN,PENDING; NOT_ACCEPTED,,,Candidate/UAT decision pending
backend,libuuid1,CVE-2022-0563,LOW,OPEN_MISSING_VENDOR_EVIDENCE,No applicable vendor statement; missing matches are not fixes.,Retain in backlog; prioritize by exploitation and exposure; propose dated review after release.,TO_ASSIGN,PENDING; NOT_ACCEPTED,,,Candidate/UAT decision pending
backend,libx264-164,CVE-2025-25467,LOW,OPEN_UNDER_INVESTIGATION,"This package (for the given release) is vulnerable to the CVE, the problem is understood, but it is currently deferred. CVE Notes / justification: The patch has not yet been merged upstream. A fix was proposed in: https://code.videolan.org/videolan/x264/-/merge_requests/183 But the PR was closed and no follow-up PR was created. This is the status as of 2026-04-21.",Retain in backlog; prioritize by exploitation and exposure; propose dated review after release.,TO_ASSIGN,PENDING; NOT_ACCEPTED,,,Candidate/UAT decision pending
backend,libxslt1.1,CVE-2015-9019,LOW,OPEN_MISSING_VENDOR_EVIDENCE,No applicable vendor statement; missing matches are not fixes.,Retain in backlog; prioritize by exploitation and exposure; propose dated review after release.,TO_ASSIGN,PENDING; NOT_ACCEPTED,,,Candidate/UAT decision pending
backend,login,CVE-2022-0563,LOW,OPEN_MISSING_VENDOR_EVIDENCE,No applicable vendor statement; missing matches are not fixes.,Retain in backlog; prioritize by exploitation and exposure; propose dated review after release.,TO_ASSIGN,PENDING; NOT_ACCEPTED,,,Candidate/UAT decision pending
backend,login.defs,CVE-2007-5686,LOW,OPEN_MISSING_VENDOR_EVIDENCE,No applicable vendor statement; missing matches are not fixes.,Retain in backlog; prioritize by exploitation and exposure; propose dated review after release.,TO_ASSIGN,PENDING; NOT_ACCEPTED,,,Candidate/UAT decision pending
backend,login.defs,CVE-2024-56433,LOW,OPEN_UNDER_INVESTIGATION,"This package (for the given release) is vulnerable to the CVE, the problem is understood, but it is currently deferred. CVE Notes / justification: as of 2025-03-17, there is no upstream fix for this issue as of 2026-08-31, there is no upstream fix for this issue",Retain in backlog; prioritize by exploitation and exposure; propose dated review after release.,TO_ASSIGN,PENDING; NOT_ACCEPTED,,,Candidate/UAT decision pending
backend,login.defs,TEMP-0628843-DBAD28,LOW,OPEN_MISSING_VENDOR_EVIDENCE,No applicable vendor statement; missing matches are not fixes.,Retain in backlog; prioritize by exploitation and exposure; propose dated review after release.,TO_ASSIGN,PENDING; NOT_ACCEPTED,,,Candidate/UAT decision pending
backend,mesa-libgallium,CVE-2023-45913,LOW,OPEN_MISSING_VENDOR_EVIDENCE,No applicable vendor statement; missing matches are not fixes.,Retain in backlog; prioritize by exploitation and exposure; propose dated review after release.,TO_ASSIGN,PENDING; NOT_ACCEPTED,,,Candidate/UAT decision pending
backend,mesa-libgallium,CVE-2023-45919,LOW,OPEN_MISSING_VENDOR_EVIDENCE,No applicable vendor statement; missing matches are not fixes.,Retain in backlog; prioritize by exploitation and exposure; propose dated review after release.,TO_ASSIGN,PENDING; NOT_ACCEPTED,,,Candidate/UAT decision pending
backend,mesa-libgallium,CVE-2023-45922,LOW,OPEN_MISSING_VENDOR_EVIDENCE,No applicable vendor statement; missing matches are not fixes.,Retain in backlog; prioritize by exploitation and exposure; propose dated review after release.,TO_ASSIGN,PENDING; NOT_ACCEPTED,,,Candidate/UAT decision pending
backend,mesa-libgallium,CVE-2023-45931,LOW,OPEN_MISSING_VENDOR_EVIDENCE,No applicable vendor statement; missing matches are not fixes.,Retain in backlog; prioritize by exploitation and exposure; propose dated review after release.,TO_ASSIGN,PENDING; NOT_ACCEPTED,,,Candidate/UAT decision pending
backend,mount,CVE-2022-0563,LOW,OPEN_MISSING_VENDOR_EVIDENCE,No applicable vendor statement; missing matches are not fixes.,Retain in backlog; prioritize by exploitation and exposure; propose dated review after release.,TO_ASSIGN,PENDING; NOT_ACCEPTED,,,Candidate/UAT decision pending
backend,passwd,CVE-2007-5686,LOW,OPEN_MISSING_VENDOR_EVIDENCE,No applicable vendor statement; missing matches are not fixes.,Retain in backlog; prioritize by exploitation and exposure; propose dated review after release.,TO_ASSIGN,PENDING; NOT_ACCEPTED,,,Candidate/UAT decision pending
backend,passwd,CVE-2024-56433,LOW,OPEN_UNDER_INVESTIGATION,"This package (for the given release) is vulnerable to the CVE, the problem is understood, but it is currently deferred. CVE Notes / justification: as of 2025-03-17, there is no upstream fix for this issue as of 2026-08-31, there is no upstream fix for this issue",Retain in backlog; prioritize by exploitation and exposure; propose dated review after release.,TO_ASSIGN,PENDING; NOT_ACCEPTED,,,Candidate/UAT decision pending
backend,passwd,TEMP-0628843-DBAD28,LOW,OPEN_MISSING_VENDOR_EVIDENCE,No applicable vendor statement; missing matches are not fixes.,Retain in backlog; prioritize by exploitation and exposure; propose dated review after release.,TO_ASSIGN,PENDING; NOT_ACCEPTED,,,Candidate/UAT decision pending
backend,perl-base,CVE-2011-4116,LOW,OPEN_MISSING_VENDOR_EVIDENCE,No applicable vendor statement; missing matches are not fixes.,Retain in backlog; prioritize by exploitation and exposure; propose dated review after release.,TO_ASSIGN,PENDING; NOT_ACCEPTED,,,Candidate/UAT decision pending
backend,perl-base,CVE-2026-82560,UNKNOWN,OPEN_UNDER_INVESTIGATION,Ubuntu Security Team classified this CVE as of Medium priority.,Retain in backlog; prioritize by exploitation and exposure; propose dated review after release.,TO_ASSIGN,PENDING; NOT_ACCEPTED,,,Candidate/UAT decision pending
backend,sysvinit-utils,TEMP-0517018-A83CE6,LOW,OPEN_MISSING_VENDOR_EVIDENCE,No applicable vendor statement; missing matches are not fixes.,Retain in backlog; prioritize by exploitation and exposure; propose dated review after release.,TO_ASSIGN,PENDING; NOT_ACCEPTED,,,Candidate/UAT decision pending
backend,tar,CVE-2026-18477,MEDIUM,OPEN_AFFECTED,Ubuntu Security Team classified this CVE as of Medium priority.,"Group by source family; verify release version, exploit path and available fix. Apply low-risk supported fixes; otherwise propose mitigation and dated exception.",TO_ASSIGN,PENDING; NOT_ACCEPTED,,,Candidate/UAT decision pending
backend,tar,CVE-2026-18508,MEDIUM,OPEN_AFFECTED,Ubuntu Security Team classified this CVE as of Medium priority.,"Group by source family; verify release version, exploit path and available fix. Apply low-risk supported fixes; otherwise propose mitigation and dated exception.",TO_ASSIGN,PENDING; NOT_ACCEPTED,,,Candidate/UAT decision pending
backend,tar,CVE-2005-2541,LOW,OPEN_MISSING_VENDOR_EVIDENCE,No applicable vendor statement; missing matches are not fixes.,Retain in backlog; prioritize by exploitation and exposure; propose dated review after release.,TO_ASSIGN,PENDING; NOT_ACCEPTED,,,Candidate/UAT decision pending
backend,tar,TEMP-0290435-0B57B5,LOW,OPEN_MISSING_VENDOR_EVIDENCE,No applicable vendor statement; missing matches are not fixes.,Retain in backlog; prioritize by exploitation and exposure; propose dated review after release.,TO_ASSIGN,PENDING; NOT_ACCEPTED,,,Candidate/UAT decision pending
backend,uno-libs-private,CVE-2012-5639,LOW,OPEN_MISSING_VENDOR_EVIDENCE,No applicable vendor statement; missing matches are not fixes.,Retain in backlog; prioritize by exploitation and exposure; propose dated review after release.,TO_ASSIGN,PENDING; NOT_ACCEPTED,,,Candidate/UAT decision pending
backend,uno-libs-private,CVE-2018-10583,LOW,OPEN_MISSING_VENDOR_EVIDENCE,No applicable vendor statement; missing matches are not fixes.,Retain in backlog; prioritize by exploitation and exposure; propose dated review after release.,TO_ASSIGN,PENDING; NOT_ACCEPTED,,,Candidate/UAT decision pending
backend,ure,CVE-2012-5639,LOW,OPEN_MISSING_VENDOR_EVIDENCE,No applicable vendor statement; missing matches are not fixes.,Retain in backlog; prioritize by exploitation and exposure; propose dated review after release.,TO_ASSIGN,PENDING; NOT_ACCEPTED,,,Candidate/UAT decision pending
backend,ure,CVE-2018-10583,LOW,OPEN_MISSING_VENDOR_EVIDENCE,No applicable vendor statement; missing matches are not fixes.,Retain in backlog; prioritize by exploitation and exposure; propose dated review after release.,TO_ASSIGN,PENDING; NOT_ACCEPTED,,,Candidate/UAT decision pending
backend,util-linux,CVE-2022-0563,LOW,OPEN_MISSING_VENDOR_EVIDENCE,No applicable vendor statement; missing matches are not fixes.,Retain in backlog; prioritize by exploitation and exposure; propose dated review after release.,TO_ASSIGN,PENDING; NOT_ACCEPTED,,,Candidate/UAT decision pending
backend,x11-xkb-utils,CVE-2018-15853,LOW,OPEN_MISSING_VENDOR_EVIDENCE,No applicable vendor statement; missing matches are not fixes.,Retain in backlog; prioritize by exploitation and exposure; propose dated review after release.,TO_ASSIGN,PENDING; NOT_ACCEPTED,,,Candidate/UAT decision pending
backend,x11-xkb-utils,CVE-2018-15859,LOW,OPEN_MISSING_VENDOR_EVIDENCE,No applicable vendor statement; missing matches are not fixes.,Retain in backlog; prioritize by exploitation and exposure; propose dated review after release.,TO_ASSIGN,PENDING; NOT_ACCEPTED,,,Candidate/UAT decision pending
backend,x11-xkb-utils,CVE-2018-15861,LOW,OPEN_MISSING_VENDOR_EVIDENCE,No applicable vendor statement; missing matches are not fixes.,Retain in backlog; prioritize by exploitation and exposure; propose dated review after release.,TO_ASSIGN,PENDING; NOT_ACCEPTED,,,Candidate/UAT decision pending
backend,x11-xkb-utils,CVE-2018-15863,LOW,OPEN_MISSING_VENDOR_EVIDENCE,No applicable vendor statement; missing matches are not fixes.,Retain in backlog; prioritize by exploitation and exposure; propose dated review after release.,TO_ASSIGN,PENDING; NOT_ACCEPTED,,,Candidate/UAT decision pending
backend,zlib1g,CVE-2026-85091,MEDIUM,OPEN_UNDER_INVESTIGATION,"This package (for the given release) is vulnerable to the CVE, the problem is understood, but it is currently deferred. CVE Notes / justification: since 3.2.0-1, rsync builds with the system zlib  It is unclear by this CVE, and the advisory that goes along with it, what versions of zlib are affected by this issue.  Per the advisory, versions below 1.3.1 are not affected, but the reproducer crashes 1.3.0 in the same way it does 1.3.1.  The more severe vulnerability was introduced in 1.3.1.2 by the following commit: https://github.com/madler/zlib/commit/81cc0be  The patch below has been tagged as possibly fixing the issue, and was made after 1.3.2, but it doesn't fix the issue when tested with the reproducer.  The suggested patch in the upstream bug is very different.  As of 2026-09-11, there is no patch available from zlib developers to fix this issue. Marking as deferred.","Group by source family; verify release version, exploit path and available fix. Apply low-risk supported fixes; otherwise propose mitigation and dated exception.",TO_ASSIGN,PENDING; NOT_ACCEPTED,,,Candidate/UAT decision pending
