component,source_family,packages,occurrences,critical,high,medium,low,unknown,listed_fixes,state,owner,next_action,review_trigger,snapshot
backend,libxml2,libxml2,12,1,7,2,2,0,0,OPEN: no listed fix; applicability not established,LMS maintainer,"Resolve Critical release risk via supported fix, maintained backport or tested replacement; assess document/XML exposure.",Before release; vendor fix/new advisory or processing/exposure change,HISTORICAL_ROUND1; superseded by backend inherited/current round2 registers
backend,ffmpeg,ffmpeg;libavcodec61;libavdevice61;libavfilter10;libavformat61;libavutil59;libpostproc58;libswresample5;libswscale8,279,0,144,126,9,0,0,OPEN: no listed fix; applicability not established,LMS maintainer,Assess document/media input exposure; evaluate supported patched build or isolated processing architecture.,Before release; vendor fix/new advisory or processing/exposure change,HISTORICAL_ROUND1; superseded by backend inherited/current round2 registers
backend,util-linux,bsdutils;libblkid1;liblastlog2-2;libmount1;libsmartcols1;libuuid1;login;mount;util-linux,54,0,36,9,9,0,0,OPEN: no listed fix; applicability not established,LMS maintainer,Review affected functionality and exposure; monitor supported distribution fixes.,Before release; vendor fix/new advisory or processing/exposure change,HISTORICAL_ROUND1; superseded by backend inherited/current round2 registers
backend,curl,libcurl3t64-gnutls;libcurl4t64,50,0,8,20,22,0,0,OPEN: no listed fix; applicability not established,LMS maintainer,Review affected functionality and exposure; monitor supported distribution fixes.,Before release; vendor fix/new advisory or processing/exposure change,HISTORICAL_ROUND1; superseded by backend inherited/current round2 registers
backend,gnupg2,dirmngr;gnupg;gnupg-l10n;gpg;gpg-agent;gpgconf;gpgsm,28,0,7,7,14,0,0,OPEN: no listed fix; applicability not established,LMS maintainer,Review affected functionality and exposure; monitor supported distribution fixes.,Before release; vendor fix/new advisory or processing/exposure change,HISTORICAL_ROUND1; superseded by backend inherited/current round2 registers
backend,cjson,libcjson1,6,0,5,1,0,0,0,OPEN: no listed fix; applicability not established,LMS maintainer,Review affected functionality and exposure; monitor supported distribution fixes.,Before release; vendor fix/new advisory or processing/exposure change,HISTORICAL_ROUND1; superseded by backend inherited/current round2 registers
backend,expat,libexpat1,6,0,4,2,0,0,0,OPEN: no listed fix; applicability not established,LMS maintainer,Review affected functionality and exposure; monitor supported distribution fixes.,Before release; vendor fix/new advisory or processing/exposure change,HISTORICAL_ROUND1; superseded by backend inherited/current round2 registers
backend,ncurses,libncursesw6;libtinfo6;ncurses-base;ncurses-bin,8,0,4,0,4,0,0,OPEN: no listed fix; applicability not established,LMS maintainer,Review affected functionality and exposure; monitor supported distribution fixes.,Before release; vendor fix/new advisory or processing/exposure change,HISTORICAL_ROUND1; superseded by backend inherited/current round2 registers
backend,libx11,libx11-6;libx11-data;libx11-xcb1,12,0,3,9,0,0,0,OPEN: no listed fix; applicability not established,LMS maintainer,Review affected functionality and exposure; monitor supported distribution fixes.,Before release; vendor fix/new advisory or processing/exposure change,HISTORICAL_ROUND1; superseded by backend inherited/current round2 registers
backend,systemd,libsystemd0;libudev1,14,0,2,2,10,0,0,OPEN: no listed fix; applicability not established,LMS maintainer,Review affected functionality and exposure; monitor supported distribution fixes.,Before release; vendor fix/new advisory or processing/exposure change,HISTORICAL_ROUND1; superseded by backend inherited/current round2 registers
backend,tiff,libtiff6,14,0,2,1,11,0,0,OPEN: no listed fix; applicability not established,LMS maintainer,Review affected functionality and exposure; monitor supported distribution fixes.,Before release; vendor fix/new advisory or processing/exposure change,HISTORICAL_ROUND1; superseded by backend inherited/current round2 registers
backend,xorg-server,xserver-common;xvfb,2,0,2,0,0,0,0,OPEN: no listed fix; applicability not established,LMS maintainer,Review affected functionality and exposure; monitor supported distribution fixes.,Before release; vendor fix/new advisory or processing/exposure change,HISTORICAL_ROUND1; superseded by backend inherited/current round2 registers
backend,cups,libcups2t64,13,0,1,10,2,0,0,OPEN: no listed fix; applicability not established,LMS maintainer,Review affected functionality and exposure; monitor supported distribution fixes.,Before release; vendor fix/new advisory or processing/exposure change,HISTORICAL_ROUND1; superseded by backend inherited/current round2 registers
backend,libsndfile,libsndfile1,4,0,1,3,0,0,0,OPEN: no listed fix; applicability not established,LMS maintainer,Review affected functionality and exposure; monitor supported distribution fixes.,Before release; vendor fix/new advisory or processing/exposure change,HISTORICAL_ROUND1; superseded by backend inherited/current round2 registers
backend,perl,perl-base,5,0,1,2,1,1,0,OPEN: no listed fix; applicability not established,LMS maintainer,Review affected functionality and exposure; monitor supported distribution fixes.,Before release; vendor fix/new advisory or processing/exposure change,HISTORICAL_ROUND1; superseded by backend inherited/current round2 registers
backend,acl,libacl1,2,0,1,1,0,0,0,OPEN: no listed fix; applicability not established,LMS maintainer,Review affected functionality and exposure; monitor supported distribution fixes.,Before release; vendor fix/new advisory or processing/exposure change,HISTORICAL_ROUND1; superseded by backend inherited/current round2 registers
backend,librsvg,librsvg2-2,1,0,1,0,0,0,0,OPEN: no listed fix; applicability not established,LMS maintainer,Review affected functionality and exposure; monitor supported distribution fixes.,Before release; vendor fix/new advisory or processing/exposure change,HISTORICAL_ROUND1; superseded by backend inherited/current round2 registers
backend,libxrender,libxrender1,1,0,1,0,0,0,0,OPEN: no listed fix; applicability not established,LMS maintainer,Review affected functionality and exposure; monitor supported distribution fixes.,Before release; vendor fix/new advisory or processing/exposure change,HISTORICAL_ROUND1; superseded by backend inherited/current round2 registers
backend,glibc,libc-bin;libc6,42,0,0,26,16,0,0,OPEN: no listed fix; applicability not established,LMS maintainer,Review affected functionality and exposure; monitor supported distribution fixes.,Before release; vendor fix/new advisory or processing/exposure change,HISTORICAL_ROUND1; superseded by backend inherited/current round2 registers
backend,avahi,libavahi-client3;libavahi-common-data;libavahi-common3,24,0,0,24,0,0,0,OPEN: no listed fix; applicability not established,LMS maintainer,Review affected functionality and exposure; monitor supported distribution fixes.,Before release; vendor fix/new advisory or processing/exposure change,HISTORICAL_ROUND1; superseded by backend inherited/current round2 registers
backend,gcc-14,gcc-14-base;libatomic1;libgcc-s1;libgfortran5;libgomp1;libstdc++6,12,0,0,12,0,0,0,OPEN: no listed fix; applicability not established,LMS maintainer,Review affected functionality and exposure; monitor supported distribution fixes.,Before release; vendor fix/new advisory or processing/exposure change,HISTORICAL_ROUND1; superseded by backend inherited/current round2 registers
backend,libxi,libxi6,7,0,0,7,0,0,0,OPEN: no listed fix; applicability not established,LMS maintainer,Review affected functionality and exposure; monitor supported distribution fixes.,Before release; vendor fix/new advisory or processing/exposure change,HISTORICAL_ROUND1; superseded by backend inherited/current round2 registers
backend,poppler,libpoppler147,15,0,0,6,9,0,0,OPEN: no listed fix; applicability not established,LMS maintainer,Review affected functionality and exposure; monitor supported distribution fixes.,Before release; vendor fix/new advisory or processing/exposure change,HISTORICAL_ROUND1; superseded by backend inherited/current round2 registers
backend,alsa-lib,libasound2-data;libasound2t64,8,0,0,6,2,0,0,OPEN: no listed fix; applicability not established,LMS maintainer,Review affected functionality and exposure; monitor supported distribution fixes.,Before release; vendor fix/new advisory or processing/exposure change,HISTORICAL_ROUND1; superseded by backend inherited/current round2 registers
backend,gdk-pixbuf,libgdk-pixbuf-2.0-0;libgdk-pixbuf2.0-common,6,0,0,4,2,0,0,OPEN: no listed fix; applicability not established,LMS maintainer,Review affected functionality and exposure; monitor supported distribution fixes.,Before release; vendor fix/new advisory or processing/exposure change,HISTORICAL_ROUND1; superseded by backend inherited/current round2 registers
backend,pam,libpam-modules;libpam-modules-bin;libpam-runtime;libpam0g,4,0,0,4,0,0,0,OPEN: no listed fix; applicability not established,LMS maintainer,Review affected functionality and exposure; monitor supported distribution fixes.,Before release; vendor fix/new advisory or processing/exposure change,HISTORICAL_ROUND1; superseded by backend inherited/current round2 registers
backend,tar,tar,5,0,0,3,2,0,0,OPEN: no listed fix; applicability not established,LMS maintainer,Review affected functionality and exposure; monitor supported distribution fixes.,Before release; vendor fix/new advisory or processing/exposure change,HISTORICAL_ROUND1; superseded by backend inherited/current round2 registers
backend,openjpeg2,libopenjp2-7,13,0,0,2,11,0,0,OPEN: no listed fix; applicability not established,LMS maintainer,Review affected functionality and exposure; monitor supported distribution fixes.,Before release; vendor fix/new advisory or processing/exposure change,HISTORICAL_ROUND1; superseded by backend inherited/current round2 registers
backend,sqlite3,libsqlite3-0,4,0,0,2,2,0,0,OPEN: no listed fix; applicability not established,LMS maintainer,Review affected functionality and exposure; monitor supported distribution fixes.,Before release; vendor fix/new advisory or processing/exposure change,HISTORICAL_ROUND1; superseded by backend inherited/current round2 registers
backend,p11-kit,libp11-kit0,2,0,0,2,0,0,0,OPEN: no listed fix; applicability not established,LMS maintainer,Review affected functionality and exposure; monitor supported distribution fixes.,Before release; vendor fix/new advisory or processing/exposure change,HISTORICAL_ROUND1; superseded by backend inherited/current round2 registers
backend,libusb-1.0,libusb-1.0-0,2,0,0,2,0,0,0,OPEN: no listed fix; applicability not established,LMS maintainer,Review affected functionality and exposure; monitor supported distribution fixes.,Before release; vendor fix/new advisory or processing/exposure change,HISTORICAL_ROUND1; superseded by backend inherited/current round2 registers
backend,zlib,zlib1g,2,0,0,2,0,0,0,OPEN: no listed fix; applicability not established,LMS maintainer,Review affected functionality and exposure; monitor supported distribution fixes.,Before release; vendor fix/new advisory or processing/exposure change,HISTORICAL_ROUND1; superseded by backend inherited/current round2 registers
backend,jpeg-xl,libjxl0.11,3,0,0,1,1,1,0,OPEN: no listed fix; applicability not established,LMS maintainer,Review affected functionality and exposure; monitor supported distribution fixes.,Before release; vendor fix/new advisory or processing/exposure change,HISTORICAL_ROUND1; superseded by backend inherited/current round2 registers
backend,libxslt,libxslt1.1,3,0,0,1,2,0,0,OPEN: no listed fix; applicability not established,LMS maintainer,Review affected functionality and exposure; monitor supported distribution fixes.,Before release; vendor fix/new advisory or processing/exposure change,HISTORICAL_ROUND1; superseded by backend inherited/current round2 registers
backend,glib2.0,libglib2.0-0t64,2,0,0,1,1,0,0,OPEN: no listed fix; applicability not established,LMS maintainer,Review affected functionality and exposure; monitor supported distribution fixes.,Before release; vendor fix/new advisory or processing/exposure change,HISTORICAL_ROUND1; superseded by backend inherited/current round2 registers
backend,attr,libattr1,1,0,0,1,0,0,0,OPEN: no listed fix; applicability not established,LMS maintainer,Review affected functionality and exposure; monitor supported distribution fixes.,Before release; vendor fix/new advisory or processing/exposure change,HISTORICAL_ROUND1; superseded by backend inherited/current round2 registers
backend,bzip2,libbz2-1.0,1,0,0,1,0,0,0,OPEN: no listed fix; applicability not established,LMS maintainer,Review affected functionality and exposure; monitor supported distribution fixes.,Before release; vendor fix/new advisory or processing/exposure change,HISTORICAL_ROUND1; superseded by backend inherited/current round2 registers
backend,freetype,libfreetype6,1,0,0,1,0,0,0,OPEN: no listed fix; applicability not established,LMS maintainer,Review affected functionality and exposure; monitor supported distribution fixes.,Before release; vendor fix/new advisory or processing/exposure change,HISTORICAL_ROUND1; superseded by backend inherited/current round2 registers
backend,gst-plugins-base1.0,libgstreamer-plugins-base1.0-0,1,0,0,1,0,0,0,OPEN: no listed fix; applicability not established,LMS maintainer,Review affected functionality and exposure; monitor supported distribution fixes.,Before release; vendor fix/new advisory or processing/exposure change,HISTORICAL_ROUND1; superseded by backend inherited/current round2 registers
backend,nghttp2,libnghttp2-14,1,0,0,1,0,0,0,OPEN: no listed fix; applicability not established,LMS maintainer,Review affected functionality and exposure; monitor supported distribution fixes.,Before release; vendor fix/new advisory or processing/exposure change,HISTORICAL_ROUND1; superseded by backend inherited/current round2 registers
backend,libxpm,libxpm4,1,0,0,1,0,0,0,OPEN: no listed fix; applicability not established,LMS maintainer,Review affected functionality and exposure; monitor supported distribution fixes.,Before release; vendor fix/new advisory or processing/exposure change,HISTORICAL_ROUND1; superseded by backend inherited/current round2 registers
backend,libreoffice,fonts-opensymbol;libreoffice-base-core;libreoffice-common;libreoffice-core;libreoffice-draw;libreoffice-impress;libreoffice-style-colibre;libreoffice-uiconfig-common;libreoffice-uiconfig-draw;libreoffice-uiconfig-impress;libreoffice-uiconfig-writer;libreoffice-writer;libuno-cppu3t64;libuno-cppuhelpergcc3-3t64;libuno-purpenvhelpergcc3-3t64;libuno-sal3t64;libuno-salhelpergcc3-3t64;uno-libs-private;ure,38,0,0,0,38,0,0,OPEN: no listed fix; applicability not established,LMS maintainer,Review affected functionality and exposure; monitor supported distribution fixes.,Before release; vendor fix/new advisory or processing/exposure change,HISTORICAL_ROUND1; superseded by backend inherited/current round2 registers
backend,mbedtls,libmbedcrypto16,22,0,0,0,5,17,0,OPEN: no listed fix; applicability not established,LMS maintainer,Review affected functionality and exposure; monitor supported distribution fixes.,Before release; vendor fix/new advisory or processing/exposure change,HISTORICAL_ROUND1; superseded by backend inherited/current round2 registers
backend,mesa,libgbm1;libgl1-mesa-dri;libglx-mesa0;mesa-libgallium,16,0,0,0,16,0,0,OPEN: no listed fix; applicability not established,LMS maintainer,Review affected functionality and exposure; monitor supported distribution fixes.,Before release; vendor fix/new advisory or processing/exposure change,HISTORICAL_ROUND1; superseded by backend inherited/current round2 registers
backend,krb5,libgssapi-krb5-2;libk5crypto3;libkrb5-3;libkrb5support0,16,0,0,0,16,0,0,OPEN: no listed fix; applicability not established,LMS maintainer,Review affected functionality and exposure; monitor supported distribution fixes.,Before release; vendor fix/new advisory or processing/exposure change,HISTORICAL_ROUND1; superseded by backend inherited/current round2 registers
backend,elfutils,libelf1t64,7,0,0,0,7,0,0,OPEN: no listed fix; applicability not established,LMS maintainer,Review affected functionality and exposure; monitor supported distribution fixes.,Before release; vendor fix/new advisory or processing/exposure change,HISTORICAL_ROUND1; superseded by backend inherited/current round2 registers
backend,cairo,libcairo-gobject2;libcairo2,6,0,0,0,6,0,0,OPEN: no listed fix; applicability not established,LMS maintainer,Review affected functionality and exposure; monitor supported distribution fixes.,Before release; vendor fix/new advisory or processing/exposure change,HISTORICAL_ROUND1; superseded by backend inherited/current round2 registers
backend,shadow,login.defs;passwd,6,0,0,0,6,0,0,OPEN: no listed fix; applicability not established,LMS maintainer,Review affected functionality and exposure; monitor supported distribution fixes.,Before release; vendor fix/new advisory or processing/exposure change,HISTORICAL_ROUND1; superseded by backend inherited/current round2 registers
backend,openldap,libldap2,5,0,0,0,5,0,0,OPEN: no listed fix; applicability not established,LMS maintainer,Review affected functionality and exposure; monitor supported distribution fixes.,Before release; vendor fix/new advisory or processing/exposure change,HISTORICAL_ROUND1; superseded by backend inherited/current round2 registers
backend,coreutils,coreutils,4,0,0,0,4,0,0,OPEN: no listed fix; applicability not established,LMS maintainer,Review affected functionality and exposure; monitor supported distribution fixes.,Before release; vendor fix/new advisory or processing/exposure change,HISTORICAL_ROUND1; superseded by backend inherited/current round2 registers
backend,nss,libnss3,4,0,0,0,4,0,0,OPEN: no listed fix; applicability not established,LMS maintainer,Review affected functionality and exposure; monitor supported distribution fixes.,Before release; vendor fix/new advisory or processing/exposure change,HISTORICAL_ROUND1; superseded by backend inherited/current round2 registers
backend,x11-xkb-utils,x11-xkb-utils,4,0,0,0,4,0,0,OPEN: no listed fix; applicability not established,LMS maintainer,Review affected functionality and exposure; monitor supported distribution fixes.,Before release; vendor fix/new advisory or processing/exposure change,HISTORICAL_ROUND1; superseded by backend inherited/current round2 registers
backend,libglvnd,libgl1;libglvnd0;libglx0,3,0,0,0,3,0,0,OPEN: no listed fix; applicability not established,LMS maintainer,Review affected functionality and exposure; monitor supported distribution fixes.,Before release; vendor fix/new advisory or processing/exposure change,HISTORICAL_ROUND1; superseded by backend inherited/current round2 registers
backend,llvm-toolchain-19,libllvm19,3,0,0,0,3,0,0,OPEN: no listed fix; applicability not established,LMS maintainer,Review affected functionality and exposure; monitor supported distribution fixes.,Before release; vendor fix/new advisory or processing/exposure change,HISTORICAL_ROUND1; superseded by backend inherited/current round2 registers
backend,apt,apt;libapt-pkg7.0,2,0,0,0,2,0,0,OPEN: no listed fix; applicability not established,LMS maintainer,Review affected functionality and exposure; monitor supported distribution fixes.,Before release; vendor fix/new advisory or processing/exposure change,HISTORICAL_ROUND1; superseded by backend inherited/current round2 registers
backend,dash,dash,2,0,0,0,2,0,0,OPEN: no listed fix; applicability not established,LMS maintainer,Review affected functionality and exposure; monitor supported distribution fixes.,Before release; vendor fix/new advisory or processing/exposure change,HISTORICAL_ROUND1; superseded by backend inherited/current round2 registers
backend,libgcrypt20,libgcrypt20,2,0,0,0,2,0,0,OPEN: no listed fix; applicability not established,LMS maintainer,Review affected functionality and exposure; monitor supported distribution fixes.,Before release; vendor fix/new advisory or processing/exposure change,HISTORICAL_ROUND1; superseded by backend inherited/current round2 registers
backend,libpng1.6,libpng16-16t64,2,0,0,0,2,0,0,OPEN: no listed fix; applicability not established,LMS maintainer,Review affected functionality and exposure; monitor supported distribution fixes.,Before release; vendor fix/new advisory or processing/exposure change,HISTORICAL_ROUND1; superseded by backend inherited/current round2 registers
backend,slang2,libslang2,2,0,0,0,2,0,0,OPEN: no listed fix; applicability not established,LMS maintainer,Review affected functionality and exposure; monitor supported distribution fixes.,Before release; vendor fix/new advisory or processing/exposure change,HISTORICAL_ROUND1; superseded by backend inherited/current round2 registers
backend,libtheora,libtheoradec1;libtheoraenc1,2,0,0,0,2,0,0,OPEN: no listed fix; applicability not established,LMS maintainer,Review affected functionality and exposure; monitor supported distribution fixes.,Before release; vendor fix/new advisory or processing/exposure change,HISTORICAL_ROUND1; superseded by backend inherited/current round2 registers
backend,libxfont,libxfont2,2,0,0,0,2,0,0,OPEN: no listed fix; applicability not established,LMS maintainer,Review affected functionality and exposure; monitor supported distribution fixes.,Before release; vendor fix/new advisory or processing/exposure change,HISTORICAL_ROUND1; superseded by backend inherited/current round2 registers
backend,bash,bash,1,0,0,0,1,0,0,OPEN: no listed fix; applicability not established,LMS maintainer,Review affected functionality and exposure; monitor supported distribution fixes.,Before release; vendor fix/new advisory or processing/exposure change,HISTORICAL_ROUND1; superseded by backend inherited/current round2 registers
backend,diffutils,diffutils,1,0,0,0,1,0,0,OPEN: no listed fix; applicability not established,LMS maintainer,Review affected functionality and exposure; monitor supported distribution fixes.,Before release; vendor fix/new advisory or processing/exposure change,HISTORICAL_ROUND1; superseded by backend inherited/current round2 registers
backend,libcaca,libcaca0,1,0,0,0,1,0,0,OPEN: no listed fix; applicability not established,LMS maintainer,Review affected functionality and exposure; monitor supported distribution fixes.,Before release; vendor fix/new advisory or processing/exposure change,HISTORICAL_ROUND1; superseded by backend inherited/current round2 registers
backend,gnutls28,libgnutls30t64,1,0,0,0,1,0,0,OPEN: no listed fix; applicability not established,LMS maintainer,Review affected functionality and exposure; monitor supported distribution fixes.,Before release; vendor fix/new advisory or processing/exposure change,HISTORICAL_ROUND1; superseded by backend inherited/current round2 registers
backend,jbigkit,libjbig0,1,0,0,0,1,0,0,OPEN: no listed fix; applicability not established,LMS maintainer,Review affected functionality and exposure; monitor supported distribution fixes.,Before release; vendor fix/new advisory or processing/exposure change,HISTORICAL_ROUND1; superseded by backend inherited/current round2 registers
backend,lcms2,liblcms2-2,1,0,0,0,1,0,0,OPEN: no listed fix; applicability not established,LMS maintainer,Review affected functionality and exposure; monitor supported distribution fixes.,Before release; vendor fix/new advisory or processing/exposure change,HISTORICAL_ROUND1; superseded by backend inherited/current round2 registers
backend,xz-utils,liblzma5,1,0,0,0,0,1,0,OPEN: no listed fix; applicability not established,LMS maintainer,Review affected functionality and exposure; monitor supported distribution fixes.,Before release; vendor fix/new advisory or processing/exposure change,HISTORICAL_ROUND1; superseded by backend inherited/current round2 registers
backend,pixman,libpixman-1-0,1,0,0,0,1,0,0,OPEN: no listed fix; applicability not established,LMS maintainer,Review affected functionality and exposure; monitor supported distribution fixes.,Before release; vendor fix/new advisory or processing/exposure change,HISTORICAL_ROUND1; superseded by backend inherited/current round2 registers
backend,x264,libx264-164,1,0,0,0,1,0,0,OPEN: no listed fix; applicability not established,LMS maintainer,Review affected functionality and exposure; monitor supported distribution fixes.,Before release; vendor fix/new advisory or processing/exposure change,HISTORICAL_ROUND1; superseded by backend inherited/current round2 registers
backend,sysvinit,sysvinit-utils,1,0,0,0,1,0,0,OPEN: no listed fix; applicability not established,LMS maintainer,Review affected functionality and exposure; monitor supported distribution fixes.,Before release; vendor fix/new advisory or processing/exposure change,HISTORICAL_ROUND1; superseded by backend inherited/current round2 registers
