target,type,source,package,installed,advisory,severity,listed_fix,status,url,assessment,assessment_evidence
sha256:4d351be75ab579c0dd81041d0c3a452b32331516f4121cfffa5f1467441edab9 (ubuntu 26.04),ubuntu,avahi,libavahi-client3,0.8-18ubuntu1.1,CVE-2025-59529,MEDIUM,,affected,https://avd.aquasec.com/nvd/cve-2025-59529,OPEN_PATCH_OR_APPLICABILITY_REVIEW,
sha256:4d351be75ab579c0dd81041d0c3a452b32331516f4121cfffa5f1467441edab9 (ubuntu 26.04),ubuntu,avahi,libavahi-common-data,0.8-18ubuntu1.1,CVE-2025-59529,MEDIUM,,affected,https://avd.aquasec.com/nvd/cve-2025-59529,OPEN_PATCH_OR_APPLICABILITY_REVIEW,
sha256:4d351be75ab579c0dd81041d0c3a452b32331516f4121cfffa5f1467441edab9 (ubuntu 26.04),ubuntu,avahi,libavahi-common3,0.8-18ubuntu1.1,CVE-2025-59529,MEDIUM,,affected,https://avd.aquasec.com/nvd/cve-2025-59529,OPEN_PATCH_OR_APPLICABILITY_REVIEW,
sha256:4d351be75ab579c0dd81041d0c3a452b32331516f4121cfffa5f1467441edab9 (ubuntu 26.04),ubuntu,glibc,libc-bin,2.43-2ubuntu2.4,CVE-2026-18374,MEDIUM,,affected,https://avd.aquasec.com/nvd/cve-2026-18374,OPEN_PATCH_OR_APPLICABILITY_REVIEW,
sha256:4d351be75ab579c0dd81041d0c3a452b32331516f4121cfffa5f1467441edab9 (ubuntu 26.04),ubuntu,glibc,libc-bin,2.43-2ubuntu2.4,CVE-2026-89092,MEDIUM,,affected,https://avd.aquasec.com/nvd/cve-2026-89092,OPEN_PATCH_OR_APPLICABILITY_REVIEW,
sha256:4d351be75ab579c0dd81041d0c3a452b32331516f4121cfffa5f1467441edab9 (ubuntu 26.04),ubuntu,glibc,libc-gconv-modules-extra,2.43-2ubuntu2.4,CVE-2026-18374,MEDIUM,,affected,https://avd.aquasec.com/nvd/cve-2026-18374,OPEN_PATCH_OR_APPLICABILITY_REVIEW,
sha256:4d351be75ab579c0dd81041d0c3a452b32331516f4121cfffa5f1467441edab9 (ubuntu 26.04),ubuntu,glibc,libc-gconv-modules-extra,2.43-2ubuntu2.4,CVE-2026-89092,MEDIUM,,affected,https://avd.aquasec.com/nvd/cve-2026-89092,OPEN_PATCH_OR_APPLICABILITY_REVIEW,
sha256:4d351be75ab579c0dd81041d0c3a452b32331516f4121cfffa5f1467441edab9 (ubuntu 26.04),ubuntu,glibc,libc6,2.43-2ubuntu2.4,CVE-2026-18374,MEDIUM,,affected,https://avd.aquasec.com/nvd/cve-2026-18374,OPEN_PATCH_OR_APPLICABILITY_REVIEW,
sha256:4d351be75ab579c0dd81041d0c3a452b32331516f4121cfffa5f1467441edab9 (ubuntu 26.04),ubuntu,glibc,libc6,2.43-2ubuntu2.4,CVE-2026-89092,MEDIUM,,affected,https://avd.aquasec.com/nvd/cve-2026-89092,OPEN_PATCH_OR_APPLICABILITY_REVIEW,
sha256:4d351be75ab579c0dd81041d0c3a452b32331516f4121cfffa5f1467441edab9 (ubuntu 26.04),ubuntu,cairo,libcairo2,1.18.4-3,CVE-2017-7475,LOW,,affected,https://avd.aquasec.com/nvd/cve-2017-7475,OPEN_PATCH_OR_APPLICABILITY_REVIEW,
sha256:4d351be75ab579c0dd81041d0c3a452b32331516f4121cfffa5f1467441edab9 (ubuntu 26.04),ubuntu,cairo,libcairo2,1.18.4-3,CVE-2018-18064,LOW,,affected,https://avd.aquasec.com/nvd/cve-2018-18064,OPEN_PATCH_OR_APPLICABILITY_REVIEW,
sha256:4d351be75ab579c0dd81041d0c3a452b32331516f4121cfffa5f1467441edab9 (ubuntu 26.04),ubuntu,elfutils,libelf1t64,0.194-4,CVE-2025-1352,LOW,,affected,https://avd.aquasec.com/nvd/cve-2025-1352,OPEN_PATCH_OR_APPLICABILITY_REVIEW,
sha256:4d351be75ab579c0dd81041d0c3a452b32331516f4121cfffa5f1467441edab9 (ubuntu 26.04),ubuntu,elfutils,libelf1t64,0.194-4,CVE-2025-1376,LOW,,affected,https://avd.aquasec.com/nvd/cve-2025-1376,OPEN_PATCH_OR_APPLICABILITY_REVIEW,
sha256:4d351be75ab579c0dd81041d0c3a452b32331516f4121cfffa5f1467441edab9 (ubuntu 26.04),ubuntu,expat,libexpat1,2.7.4-1ubuntu0.2,CVE-2025-66382,MEDIUM,,affected,https://avd.aquasec.com/nvd/cve-2025-66382,OPEN_PATCH_OR_APPLICABILITY_REVIEW,
sha256:4d351be75ab579c0dd81041d0c3a452b32331516f4121cfffa5f1467441edab9 (ubuntu 26.04),ubuntu,glib2.0,libglib2.0-0t64,2.88.0-1ubuntu0.1,CVE-2026-86469,MEDIUM,,affected,https://avd.aquasec.com/nvd/cve-2026-86469,OPEN_PATCH_OR_APPLICABILITY_REVIEW,
sha256:4d351be75ab579c0dd81041d0c3a452b32331516f4121cfffa5f1467441edab9 (ubuntu 26.04),ubuntu,gst-plugins-base1.0,libgstreamer-plugins-base1.0-0,1.28.2-1ubuntu0.1,CVE-2026-85150,MEDIUM,,affected,https://avd.aquasec.com/nvd/cve-2026-85150,OPEN_PATCH_OR_APPLICABILITY_REVIEW,
sha256:4d351be75ab579c0dd81041d0c3a452b32331516f4121cfffa5f1467441edab9 (ubuntu 26.04),ubuntu,icu,libicu78,78.2-2ubuntu1,CVE-2025-5222,LOW,,affected,https://avd.aquasec.com/nvd/cve-2025-5222,OPEN_PATCH_OR_APPLICABILITY_REVIEW,
sha256:4d351be75ab579c0dd81041d0c3a452b32331516f4121cfffa5f1467441edab9 (ubuntu 26.04),ubuntu,openjpeg2,libopenjp2-7,2.5.4-1ubuntu0.1,CVE-2023-39328,MEDIUM,,affected,https://avd.aquasec.com/nvd/cve-2023-39328,OPEN_PATCH_OR_APPLICABILITY_REVIEW,
sha256:4d351be75ab579c0dd81041d0c3a452b32331516f4121cfffa5f1467441edab9 (ubuntu 26.04),ubuntu,openjpeg2,libopenjp2-7,2.5.4-1ubuntu0.1,CVE-2023-39329,MEDIUM,,affected,https://avd.aquasec.com/nvd/cve-2023-39329,OPEN_PATCH_OR_APPLICABILITY_REVIEW,
sha256:4d351be75ab579c0dd81041d0c3a452b32331516f4121cfffa5f1467441edab9 (ubuntu 26.04),ubuntu,openjpeg2,libopenjp2-7,2.5.4-1ubuntu0.1,CVE-2019-6988,LOW,,affected,https://avd.aquasec.com/nvd/cve-2019-6988,OPEN_PATCH_OR_APPLICABILITY_REVIEW,
sha256:4d351be75ab579c0dd81041d0c3a452b32331516f4121cfffa5f1467441edab9 (ubuntu 26.04),ubuntu,p11-kit,libp11-kit0,0.26.2-2,CVE-2026-13757,MEDIUM,,affected,https://avd.aquasec.com/nvd/cve-2026-13757,OPEN_PATCH_OR_APPLICABILITY_REVIEW,
sha256:4d351be75ab579c0dd81041d0c3a452b32331516f4121cfffa5f1467441edab9 (ubuntu 26.04),ubuntu,pcre2,libpcre2-8-0,10.49+lms1,CVE-2026-86145,MEDIUM,,affected,https://avd.aquasec.com/nvd/cve-2026-86145,UPSTREAM_FIXED_VENDOR_SCANNER_STATUS_PENDING,https://security-tracker.debian.org/tracker/CVE-2026-86145
sha256:4d351be75ab579c0dd81041d0c3a452b32331516f4121cfffa5f1467441edab9 (ubuntu 26.04),ubuntu,pcre2,libpcre2-8-0,10.49+lms1,CVE-2026-89161,MEDIUM,,affected,https://avd.aquasec.com/nvd/cve-2026-89161,UPSTREAM_FIXED_VENDOR_SCANNER_STATUS_PENDING,https://security-tracker.debian.org/tracker/CVE-2026-89161
sha256:4d351be75ab579c0dd81041d0c3a452b32331516f4121cfffa5f1467441edab9 (ubuntu 26.04),ubuntu,pixman,libpixman-1-0,0.46.4-1,CVE-2023-37769,MEDIUM,,affected,https://avd.aquasec.com/nvd/cve-2023-37769,OPEN_PATCH_OR_APPLICABILITY_REVIEW,
sha256:4d351be75ab579c0dd81041d0c3a452b32331516f4121cfffa5f1467441edab9 (ubuntu 26.04),ubuntu,poppler,libpoppler156,26.01.0-2ubuntu0.1,CVE-2019-9543,LOW,,affected,https://avd.aquasec.com/nvd/cve-2019-9543,OPEN_PATCH_OR_APPLICABILITY_REVIEW,
sha256:4d351be75ab579c0dd81041d0c3a452b32331516f4121cfffa5f1467441edab9 (ubuntu 26.04),ubuntu,poppler,libpoppler156,26.01.0-2ubuntu0.1,CVE-2019-9545,LOW,,affected,https://avd.aquasec.com/nvd/cve-2019-9545,OPEN_PATCH_OR_APPLICABILITY_REVIEW,
sha256:4d351be75ab579c0dd81041d0c3a452b32331516f4121cfffa5f1467441edab9 (ubuntu 26.04),ubuntu,systemd,libsystemd0,259.5-0ubuntu3.4,CVE-2026-40228,LOW,,affected,https://avd.aquasec.com/nvd/cve-2026-40228,OPEN_PATCH_OR_APPLICABILITY_REVIEW,
sha256:4d351be75ab579c0dd81041d0c3a452b32331516f4121cfffa5f1467441edab9 (ubuntu 26.04),ubuntu,systemd,libudev1,259.5-0ubuntu3.4,CVE-2026-40228,LOW,,affected,https://avd.aquasec.com/nvd/cve-2026-40228,OPEN_PATCH_OR_APPLICABILITY_REVIEW,
sha256:4d351be75ab579c0dd81041d0c3a452b32331516f4121cfffa5f1467441edab9 (ubuntu 26.04),ubuntu,x264,libx264-165,2:0.165.3222+gitb35605ac-3build1,CVE-2025-25467,MEDIUM,,affected,https://avd.aquasec.com/nvd/cve-2025-25467,OPEN_PATCH_OR_APPLICABILITY_REVIEW,
sha256:4d351be75ab579c0dd81041d0c3a452b32331516f4121cfffa5f1467441edab9 (ubuntu 26.04),ubuntu,libxrender,libxrender1,1:0.9.12-1build1,CVE-2026-88807,MEDIUM,,affected,https://avd.aquasec.com/nvd/cve-2026-88807,OPEN_PATCH_OR_APPLICABILITY_REVIEW,
sha256:4d351be75ab579c0dd81041d0c3a452b32331516f4121cfffa5f1467441edab9 (ubuntu 26.04),ubuntu,libxslt,libxslt1.1,1.1.45-0.1,CVE-2025-7425,MEDIUM,,affected,https://avd.aquasec.com/nvd/cve-2025-7425,OPEN_PATCH_OR_APPLICABILITY_REVIEW,
sha256:4d351be75ab579c0dd81041d0c3a452b32331516f4121cfffa5f1467441edab9 (ubuntu 26.04),ubuntu,shadow,login.defs,1:4.17.4-2ubuntu3,CVE-2024-56433,LOW,,affected,https://avd.aquasec.com/nvd/cve-2024-56433,OPEN_PATCH_OR_APPLICABILITY_REVIEW,
sha256:4d351be75ab579c0dd81041d0c3a452b32331516f4121cfffa5f1467441edab9 (ubuntu 26.04),ubuntu,shadow,passwd,1:4.17.4-2ubuntu3,CVE-2024-56433,LOW,,affected,https://avd.aquasec.com/nvd/cve-2024-56433,OPEN_PATCH_OR_APPLICABILITY_REVIEW,
sha256:4d351be75ab579c0dd81041d0c3a452b32331516f4121cfffa5f1467441edab9 (ubuntu 26.04),ubuntu,tar,tar,1.35+dfsg-4ubuntu0.4,CVE-2026-18477,MEDIUM,,affected,https://avd.aquasec.com/nvd/cve-2026-18477,OPEN_PATCH_OR_APPLICABILITY_REVIEW,
sha256:4d351be75ab579c0dd81041d0c3a452b32331516f4121cfffa5f1467441edab9 (ubuntu 26.04),ubuntu,tar,tar,1.35+dfsg-4ubuntu0.4,CVE-2026-18508,MEDIUM,,affected,https://avd.aquasec.com/nvd/cve-2026-18508,OPEN_PATCH_OR_APPLICABILITY_REVIEW,
sha256:4d351be75ab579c0dd81041d0c3a452b32331516f4121cfffa5f1467441edab9 (ubuntu 26.04),ubuntu,xorg-server,xserver-common,2:21.1.22-1ubuntu1.2,CVE-2023-5574,LOW,,affected,https://avd.aquasec.com/nvd/cve-2023-5574,OPEN_PATCH_OR_APPLICABILITY_REVIEW,
sha256:4d351be75ab579c0dd81041d0c3a452b32331516f4121cfffa5f1467441edab9 (ubuntu 26.04),ubuntu,xorg-server,xvfb,2:21.1.22-1ubuntu1.2,CVE-2023-5574,LOW,,affected,https://avd.aquasec.com/nvd/cve-2023-5574,OPEN_PATCH_OR_APPLICABILITY_REVIEW,
sha256:4d351be75ab579c0dd81041d0c3a452b32331516f4121cfffa5f1467441edab9 (ubuntu 26.04),ubuntu,zlib,zlib1g,1:1.3.dfsg+really1.3.1-1ubuntu3.1,CVE-2026-85091,MEDIUM,,affected,https://avd.aquasec.com/nvd/cve-2026-85091,OPEN_PATCH_OR_APPLICABILITY_REVIEW,
